:020000040000fa
:080000000001040000000000f3
:020000040000fa
:04000800f8020000fa
:020000040000fa
:04000c003a030000b3
:020000040000fa
:040010007a0300006f
:020000040000fa
:0400140018030000cd
:020000040000fa
:040018005a03000087
:020000040000fa
:04001c00ec060000ee
:020000040000fa
:040020009a0300003f
:020000040000fa
:04002400ec060000e6
:020000040000fa
:04002800b00600001e
:020000040000fa
:04002c00ec060000de
:020000040000fa
:04003000ec060000da
:020000040000fa
:04003400f2030000d3
:020000040000fa
:04003800ec060000d2
:020000040000fa
:04003c00ec060000ce
:020000040000fa
:04004000ec060000ca
:020000040000fa
:04004400280400008c
:020000040000fa
:04004800ec060000c2
:020000040000fa
:04004c00ec060000be
:020000040000fa
:04005000ec060000ba
:020000040000fa
:040054007c0200002a
:020000040000fa
:040058002002000082
:020000040000fa
:04005c00ec060000ae
:020000040000fa
:04006000ec060000aa
:020000040000fa
:04006400ec060000a6
:020000040000fa
:04006800ec060000a2
:020000040000fa
:04006c005e0400002e
:020000040000fa
:04007000ec0600009a
:020000040000fa
:04007400ba030000cb
:020000040000fa
:04007800ce060000b0
:020000040000fa
:04007c00ec0600008e
:020000040000fa
:04008000ec0600008a
:020000040000fa
:04008400ec06000086
:020000040000fa
:04008800ec06000082
:020000040000fa
:04008c00ec0600007e
:020000040000fa
:04009000ec0600007a
:020000040000fa
:04009400ec06000076
:020000040000fa
:04009800ec06000072
:020000040000fa
:04009c00ec0600006e
:020000040000fa
:0400a000ec0600006a
:020000040000fa
:0400a400ec06000066
:020000040000fa
:0400a800ec06000062
:020000040000fa
:0400ac00ec0600005e
:020000040000fa
:0400b000ec0600005a
:020000040000fa
:0400b400ec06000056
:020000040000fa
:0400b800ec06000052
:020000040000fa
:0400bc00ec0600004e
:020000040000fa
:0400c000ec0600004a
:020000040000fa
:0400c400ec06000046
:020000040000fa
:0400c800ec06000042
:020000040000fa
:0400cc00ec0600003e
:020000040000fa
:0400d000ec0600003a
:020000040000fa
:0400d400ec06000036
:020000040000fa
:0400d800ec06000032
:020000040000fa
:0400dc00ec0600002e
:020000040000fa
:0400e000ec0600002a
:020000040000fa
:0400e400ec06000026
:020000040000fa
:0400e800ec06000022
:020000040000fa
:0400ec00ec0600001e
:020000040000fa
:0400f000ec0600001a
:020000040000fa
:0400f400ec06000016
:020000040000fa
:0400f800ec06000012
:020000040000fa
:0400fc00ec0600000e
:020000040000fa
:04010000ec06000009
:020000040000fa
:04010400ec06000005
:020000040000fa
:04010800ec06000001
:020000040000fa
:04010c00ec060000fd
:020000040000fa
:04011000ec060000f9
:020000040000fa
:04011400ec060000f5
:020000040000fa
:04011800ec060000f1
:020000040000fa
:04011c00ec060000ed
:020000040000fa
:04012000ec060000e9
:020000040000fa
:04012400ec060000e5
:020000040000fa
:04012800ec060000e1
:020000040000fa
:04012c00e2020000eb
:020000040000fa
:04013000ec060000d9
:020000040000fa
:04013400ec060000d5
:020000040000fa
:04013800ec060000d1
:020000040000fa
:04013c00ec060000cd
:020000040000fa
:04014000ec060000c9
:020000040000fa
:04014400ec060000c5
:020000040000fa
:04014800ec060000c1
:020000040000fa
:04014c00ec060000bd
:020000040000fa
:04015000ec060000b9
:020000040000fa
:04015400ec060000b5
:020000040000fa
:04015800ec060000b1
:020000040000fa
:04015c00ec060000ad
:020000040000fa
:04016000ec060000a9
:020000040000fa
:04016400ec060000a5
:020000040000fa
:04016800ec060000a1
:020000040000fa
:04016c00ec0600009d
:020000040000fa
:04017000ec06000099
:020000040000fa
:04017400ec06000095
:020000040000fa
:04017800ec06000091
:020000040000fa
:04017c00ec0600008d
:020000040000fa
:04018000ec06000089
:020000040000fa
:04018400ec06000085
:020000040000fa
:04018800ec06000081
:020000040000fa
:04018c00ec0600007d
:020000040000fa
:04019000ec06000079
:020000040000fa
:04019400ec06000075
:020000040000fa
:04019800ec06000071
:020000040000fa
:04019c00ec0600006d
:020000040000fa
:0401a000ec06000069
:020000040000fa
:0401a400ec06000065
:020000040000fa
:0401a800ec06000061
:020000040000fa
:0401ac00ec0600005d
:020000040000fa
:0401b000ec06000059
:020000040000fa
:0401b400ec06000055
:020000040000fa
:0401b800ec06000051
:020000040000fa
:0401bc00ec0600004d
:020000040000fa
:0401c000ec06000049
:020000040000fa
:0401c400ec06000045
:020000040000fa
:0401c800ec06000041
:020000040000fa
:0401cc00ec0600003d
:020000040000fa
:0401d000ec06000039
:020000040000fa
:0401d400ec06000035
:020000040000fa
:0401d800ec06000031
:020000040000fa
:0401dc00ec0600002d
:020000040000fa
:0401e000ec06000029
:020000040000fa
:0401e400ec06000025
:020000040000fa
:0401e800ec06000021
:020000040000fa
:0401ec00ec0600001d
:020000040000fa
:0401f000ec06000019
:020000040000fa
:0401f400ec06000015
:020000040000fa
:0401f800ec06000011
:020000040000fa
:0401fc00ec0600000d
:020000040000fa
:100200000f2c21000e7f22000e018800000000004c
:10021000000020000000e000020032000001200089
:100220002002880014000700ed0207000000e00033
:1002300003003a00e0ce2b0001002000020037004e
:100240000000200001002000810f7000010032003a
:1002500014000700000020000000e000020032004f
:1002600000000200000000001289020000000000ef
:100270000040da000000fe004440a9004087220050
:100280000000e00003003200002020009001880000
:100290004440a800000006008a1f78008b1f7800e9
:1002a00000000600a1028800800478000000eb0036
:1002b0001f003700e284440054a0b4009905ba003e
:1002c000e284440054a0b4009906ba00e2844400d9
:1002d00054a0b4000006eb00476fde00fd07b2003b
:1002e000ae018800636ce10003003a00eaff0700fa
:1002f0000000eb000e003700606ce10008003a00df
:10030000004deb000a05e800020039003420ec0043
:100310000af0a0008b05e900f9ff3e000400370059
:100320006168e100010032000086eb000b0007006d
:1003300019c7ba001905ba000e04e00003003a001c
:100340000a00e000dbff3a0000000600fe07b200f2
:10035000ae0288008a047800f5ff37000cd0a300b5
:10036000e20f4d001c00390089027800354dba00bb
:100370000a05e800020039003420ec000af0a00071
:100380008b05e9000f003200254dba000a05e80090
:10039000020039003420ec000af0a0008b05e900cf
:1003a000080032000c00e0000600320015cdba0053
:1003b0000a05e800020039003420ec000af0a00031
:1003c0008b05e9008984e80054a0b4000b00e0002c
:1003d000e2ff3a00000006009902ba00055d7800cd
:1003e0008b05e900f7ff3200c82ade00055d7800c2
:1003f0008b05e900f3ff32000c00e000f1ff320052
:1004000019ddba00eeff370004b60400000000005a
:1004100022b6040000000000b857040000000000ed
:1004200024c1040000000000e8bf04000000000038
:10043000a0c00400000000003a57040000000000c3
:100440003600f800809fbe00829fbe00849fbe00e1
:10045000869fbe000000fa005043800000000100ab
:100460003143800020438000808f500002003a001a
:100470009980a900190037008980a9001000370071
:1004800030438000904078008180fb00e11c8800b0
:100490000000e8003043880031438000e0db2000aa
:1004a000808f500002003a0000cc200030438800ca
:1004b0003143800020438000808f500006003200ce
:1004c000d11c800000202000008060000000e000bf
:1004d000ebff320001003700000000000080fa004e
:1004e0004f03be004f02be004f01be004f00be00d2
:1004f0003600f900004006003600f800809fbe007c
:10050000829fbe00849fbe00869fbe000000fa004e
:1005100060438000000001008960a9001e003700d0
:1005200000438000f11c8000814078000148780081
:1005300001438000b0eb2000808f500009003200a2
:10054000004380008000e80010438000808f50004e
:1005500004003200004380000000e80000438800ef
:100560000d00370001438000b0eb2000808f500069
:1005700007003a0011438000e0db2000808f50002c
:1005800003003200e0db2000004388000200370057
:1005900010c0b30068e8b700d01c800061006000a4
:1005a0000000e000deff3a000080fa004f03be00ca
:1005b0004f02be004f01be004f00be003600f900e2
:1005c00000400600801f78000000fa00d01c800068
:1005d000620060000000e000010032009a23a900e0
:1005e0009020a9000080fa004f007800004006002b
:1005f0003600f800809fbe00829fbe00849fbe0030
:10060000869fbe000000fa008020a9000000eb00d9
:100610009d5f07000080fa004f03be004f02be003e
:100620004f01be004f00be003600f900004006003a
:100630003600f800809fbe00829fbe00849fbe00ef
:10064000869fbe000000fa00965f07008040a90068
:10065000100020008c5f07000080fa004f03be00ee
:100660004f02be004f01be004f00be003600f90031
:10067000004006003600f800809fbe00829fbe004a
:10068000849fbe00869fbe000000fa008060a90023
:10069000200020007c5f07000080fa004f03be00ae
:1006a0004f02be004f01be004f00be003600f900f1
:1006b000004006003600f800809fbe00829fbe000a
:1006c000849fbe00869fbe000000fa008080a900c3
:1006d000300020006c5f07000080fa004f03be006e
:1006e0004f02be004f01be004f00be003600f900b1
:1006f000004006003600f800809fbe00829fbe00ca
:10070000849fbe00869fbe000000fa008600a900fc
:10071000700020005c5f07000080fa004f03be00fd
:100720004f02be004f01be004f00be003600f90070
:10073000004006003600f800809fbe00829fbe0089
:10074000849fbe00869fbe000000fa0085e0a900dd
:10075000800020004c5f07000080fa004f03be00bd
:100760004f02be004f01be004f00be003600f90030
:10077000004006003600f800809fbe00829fbe0049
:10078000849fbe00869fbe000000fa0050048000d7
:10079000680060000000e0000b003200f0358000cf
:1007a000640060000000e000060032006044800049
:1007b0000000e00002003200604480000000010000
:1007c000be46a9008a60a9000080fa004f03be005f
:1007d0004f02be004f01be004f00be003600f900c0
:1007e000004006003600f800809fbe00829fbe00d9
:1007f000849fbe00869fbe000000fa0080448000f7
:100800000000e0000200320080448000000001008f
:10081000b02b2100104078008040e800b02b210070
:1008200001487800a02b210011c0b30001487800d6
:100830008860a9000080fa004f03be004f02be008e
:100840004f01be004f00be003600f9000040060018
:100850003600f800809fbe00829fbe00849fbe00cd
:10086000869fbe000000fa00904480000000e00077
:10087000020032009044800000000100d02b2100d3
:10088000104078008040e800d02b2100014878001b
:10089000c02b210011c0b3000148780088e0a900f6
:1008a0000080fa004f03be004f02be004f01be00a1
:1008b0004f00be003600f900004006003600f80088
:1008c000809fbe00829fbe00849fbe00869fbe00a8
:1008d0000000fa008a20a900f1248000000820000e
:1008e000008060000000e000080032009ee4a900e3
:1008f0005028ef00b0428000200090008000eb0004
:10090000010878005628ef000e0137008042800071
:100910008000eb00b200200003002000820f500096
:10092000838f5800fd003e00006001000b0037007f
:100930003a003700760037009d003700f40037009a
:10094000c9003700da003700f1003700dc0037005b
:10095000f200370035003700510037008084200056
:1009600020009000620060000000e000f4003a0007
:100970008084200010009000b04288008084200015
:10098000100090001040780052e8b70080842000ea
:100990001000900010009000a04288008084200089
:1009a00010009000e60040008084200011009800b4
:1009b000808420001000900080007800e028210052
:1009c000808f500003003a0080842000812821009d
:1009d0001100980080842000a00090000100a10078
:1009e00021009800808420009000900080842000e6
:1009f00010007800808f500004003a0080842000ae
:100a0000a00090000110a000210098009a04a80006
:100a10002000200080428800ca0037009a24a800e5
:100a20002000200080428800c6003700f1248000aa
:100a300000002800008060000000e0000800320094
:100a400080842000604090008040e8008084200086
:100a50006140980040002000025a0700b9003700aa
:100a6000c04280008000d100f00f200000806000b4
:100a7000b0248800c042800061006000004078001f
:100a80000004e00003003200b00020008042880033
:100a9000ac0037003000200080428800a9003700f9
:100aa000f124800000002800008060000000e000c9
:100ab0000800320080842000604090008040e80000
:100ac000808420006140980040002000e559070024
:100ad0009c0037009a24a800c04280004800de0035
:100ae000e6006000000f200001007000c042880096
:100af000c04280000000a000c042880010c0b300c7
:100b00005ae8b70020002000804288008d0037009e
:100b10005ac8bf00e14f50000a003200a0428000d6
:100b200010007800c0428800a042800020009000a1
:100b3000e0428800a0428000204090005ee8b700bc
:100b4000010037005a68ef00c1428000f00f20001a
:100b5000808f500009003600c04280004800de004f
:100b6000e6006000000f200001007000b024880043
:100b7000a00020008042880072003700c042800040
:100b8000b0248800c042800061006000004078000e
:100b90000004e00003003200500020008042880082
:100ba0006800370030002000804288006500370070
:100bb000f124800000002800008060000000e000b8
:100bc0000900320080842000604090008040e800ee
:100bd00080842000614098009fe4a900500020001c
:100be000a0590700570037005ec8bf008080fb0097
:100bf0008100e900cf08de00814078000040e90074
:100c00005ee8b7000104e00010003200a04280005e
:100c100066004000a042880052c8bf000040e900c2
:100c200052e8b70052c8bf000004e00003003a00d9
:100c3000200020008b590700420037009a24a800aa
:100c400020002000804288003e003700e042800003
:100c5000904078008180fb00b12488000000e8000b
:100c6000e042880037003700f124800000002800af
:100c7000008060000000e000090032008084200055
:100c8000604090008040e80080842000614098002f
:100c900040002000735907009fe4a9002900370095
:100ca0009a64a80080002000804288002500370058
:100cb00080002000804288009a64a800210037004c
:100cc000e0428000a1248000814078000148780043
:100cd0000000e800e04288005ec8bf000040e90074
:100ce0005ee8b7005ec8bf000004e0000400320008
:100cf0009aa4a9006000200080428800020037000a
:100d00009aa4a800465907009a84a8000d0037004d
:100d100020002000535907000a003700808420007b
:100d2000604090008040e80080842000614098008e
:100d3000600020004b590700000000000100370050
:100d4000000000000080fa004f03be004f02be000a
:100d50004f01be004f00be003600f9000040060003
:100d60003600f800809fbe00829fbe00849fbe00b8
:100d7000869fbe000000fa008a2807008800a900ac
:100d80000080fa004f03be004f02be004f01be00bc
:100d90004f00be003600f900004006003600f800a3
:100da000809fbe00829fbe00849fbe00869fbe00c3
:100db0000000fa00682807008a80a9000080fa0075
:100dc0004f03be004f02be004f01be004f00be00e9
:100dd0003600f900004006000040da000000fe0086
:100de0000000050014002000c40337000001be000d
:100df0001b0007000470a70003f0a10003f8a30084
:100e000013003a006509b1001000320009003500f6
:100e10006928e100020035000100280000000500fb
:100e200000004000818048008502e900fcff3a0094
:100e300000000600f88f4200050035008100d10057
:100e40000080d3008502e800fcff3a0000000600a5
:100e50008000eb00000005006011b800c2033700fd
:100e6000c70ade00f107b200f50fb2000800320039
:100e7000e1cf4200020032000170a0002400050012
:100e8000810f7000010032000408050044000500d5
:100e9000810f700002003a00140005008502e9008d
:100ea0000000400081c04800fcff3b000170a00032
:100eb00024000500889fbe008a9fbe008c9fbe0054
:100ec0001b0020000202be00058668000600280004
:100ed000060666004709de00f20fb200820032000b
:100ee0000243e80080003200c729de00f30fb200a1
:100ef0007d0032000343e8007b003200f107b200be
:100f00000170a000f507b2000570a000c708dd0061
:100f10004903de00868070004700dd00c72add003f
:100f20004923de00868272004722dd00030551005e
:100f30000403500085835800030031000000400086
:100f4000818048000a05e9008c1f78008a9fbe0056
:100f500004005000858058000402420085824a0047
:100f600000004000818048000005eb000004be0046
:100f70006033b8000406be000d48e10056003100a1
:100f8000110009004dccd8000c01b8000d02b800ca
:100f90008481410060824a008283530003045c0024
:100fa00084845c0060055d000a00e00025003a00d2
:100fb000800578000d40e10049003100880078008c
:100fc00007007800110009004d88d8000c01b80016
:100fd0000d02b8008481410060824a006003110064
:100fe00083835b0004045c00e0845c000900e00093
:100ff00021003a004f01be000300e0002b00320048
:10100000e3016000070673008c817100010032006b
:10101000640070004200de004e5edd000c007000d7
:10102000c258de0001e0a00083010700cf01780074
:10103000818071004f06be004f05be004f04be0008
:10104000000006008c8343000d044c00e0844c003b
:1010500060054d000000e9000a00e000d4ff320006
:101060008c8343000d044c00e0844c0060054d006f
:101070000000e900ceff37000c0343008d834b00d6
:1010800060044c00e0844c000000e9000900e0002e
:10109000d8ff32000c0343008d834b0060044c00ea
:1010a000e0844c000000e900d2ff37004200de007f
:1010b0004e5edd000c007000c258de0001e0a000b2
:1010c000cf0178000300e000daff3200600010007a
:1010d000e0801800d7ff3700f0ff2f00aaff37008d
:1010e000f0ff2f00b9ff37000404be002f010700f6
:1010f000870678000004fd008104fd002b01070035
:10110000078366000678a300030032000960a70089
:101110000800be002c0037000d78a300020032004a
:101120000800be00280037000778a30026003a0018
:1011300001f0a10009f0a1000668a300030032003d
:10114000f1ff2700f0ff2f00baff37000d68a30062
:10115000030032000800be008c807000b5ff37002d
:101160000768a30007003a000648a3000300320006
:10117000f1ff2700f0ff2f00aeff37000d48a3005e
:10118000030032006000b8008c807000a9ff3700b7
:101190000748a3000400320001f8270000002000e7
:1011a0008c807000a3ff3700760107000004fd006b
:1011b0008104fd0002057800720107000802be00ec
:1011c0008a01780059ff37000160a0001202200058
:1011d000b244880097ff37000100e000120032009f
:1011e0000500e00010003200889fbe008a9fbe000c
:1011f0008c9fbe000006eb0001f8a3000300320044
:1012000060001000e08018000cf0a00005f8a300ba
:101210000300320060021200e0821a000cf0a2000b
:101220008005eb0041ff37006000b80002000500b8
:10123000038368000700280007036300470ade00f5
:101240000480a100c71ade000580a100f70f20006e
:101250000720e100420032000728e1004000320090
:10126000889fbe008a9fbe008c1f7800f107b200e5
:10127000f307b2000400e000640032000170a00037
:101280000500e000680032000370a0008505420000
:10129000eb07b1000204b8000302b80084844400e4
:1012a00060854a00020ab800848444000a854a0026
:1012b000030ab80004054500040033000804d00008
:1012c0008984d2000a85d2008b05e9006158e100cb
:1012d0003d003500021020000901610003082000d4
:1012e00089816100f7072000878364000886730006
:1012f000c84cde00c853dd00878474004855de000a
:101300000300e00006003200820376000400320091
:101310008904e80060054d000a88a3000c003a002b
:10132000f70f20000758e10044003d000a70a100bb
:10133000c75ddd000a8575008a007300090078002a
:101340004f0678004f05be004f04be0000000600a7
:101350000a05d1008984d3008b05e800f0ff37002f
:10136000881f7800060478009000070007027800c4
:101370000001fd008101fd008c000700870278005c
:10138000850372000778a300050032000001fd000c
:101390008101fd009f0007004f0478000000060057
:1013a000850372000748a30003003200f0ff2f00fe
:1013b000f1ff2700f8ff37000000200001f82700a8
:1013c00088807000f4ff3700880178004848dd000d
:1013d000808171004848de00c850dd0001007000c7
:1013e000c850de00060478000b01780016000700e4
:1013f00088807000d2ff37000500e0000500320051
:10140000170020003a0007009dff3700810370009d
:10141000f9ff3a00860078004f0678004f05be00bd
:101420004f04be000000050083037100f9ff320085
:10143000270020002e00070094ff370001f8270046
:1014400086807000f4ff37000100e00026003200c3
:10145000610111007810e10023003c006022b80017
:101460007010e1000400350080027800010078006f
:101470008000eb00700151000200e0000900340020
:1014800070031100062add00822ade008603dd00db
:10149000878272000200de00860bdd00070070000c
:1014a0008208de0084817100f4ff2700048262005c
:1014b000848171000400280084826200610260005f
:1014c00005f0a6000000060004827100070032004b
:1014d0000000e800e0804800000006000002be00b6
:1014e0006000b800efff37006000b80000000600a1
:1014f000889fbe000004eb006138e10016003a004e
:101500000100e00008003a00c800de004800dd00ed
:10151000880020000100e00003003a00c800de005f
:101520004800dd00680444008184cf00e984540051
:10153000060034008908dd00f08314008703de0014
:10154000878070000900dd00090444006102140076
:101550004f04be00000006000300e00008003a004f
:10156000c811de004811dd00880020000300e00003
:1015700003003a00c811de004811dd006804440091
:101580008384cf00e9845400060034008919dd000b
:10159000f08314008713de00878171000911dd00dc
:1015a00009044400e1021400e9ff3700270020008d
:1015b00001f0a70017002000470bde00f60fb20075
:1015c000040032000643e8000a0032004702b3007c
:1015d0000000060001037800f607b2000603700061
:1015e00002003a000703b300000006008702b300c0
:1015f0000000060001037800f607b2000603700041
:10160000020032000770a000000006000760a00082
:10161000000006000478a300040032000578a3004f
:10162000030032000168a30001003a000200be007e
:101630000160a00000000600810170002700320058
:101640008002eb0001f8a3000300320060001000ec
:10165000e080180015002000f4072000020242007c
:1016600020003400f70320008703600006042000f8
:101670000003630002082000000161004700de0053
:10168000c909dd0000807100c708de000600e00027
:101690000800320087037100060032001000b0001d
:1016a0000180b0000188a30002003200c108de0002
:1016b0000402e800f107b200f30f20000320e1006c
:1016c00003003d004722dd00810072002900370041
:1016d00001f827000000eb00260037006000b8008a
:1016e00000000600680212007f20e10002003400c2
:1016f0006000b8001f0037006011b8007020e100e2
:101700000400350080017800010078008000eb00c3
:10171000700252000400e00009003400f0031200df
:101720000719dd008419de000703dd0086817100e2
:101730000400de00070bdd00060070008408de00f8
:10174000f7ff2700838363008703710006002800ea
:1017500003036300070032000700e00003003a00c3
:101760006101600002817300020032001000b000cd
:101770000180b0000500a6000000060001f0a000f6
:10178000000006004f0ade004709de00f107b20044
:10179000f20fb2000b003200f207b1000170a0009e
:1017a000c708dd00c901de00838070004700dd004e
:1017b0000400a6000000060060001000e080180091
:1017c00000000600810f700001003a0000000600d2
:1017d0008182cf000500e00010003e008082cf0033
:1017e000ee8242007028e1000400390007003e004c
:1017f000800078000000eb000e00370070831200bc
:101800008600de000500dd000a003700708352000c
:101810008600dd000000eb0006003700e282520087
:101820008508dd00708312000603de0086807000ec
:101830000500dd007507b0000501ea000400a60000
:101840000000060060001000e080180000000600a4
:10185000889fbe008a9fbe0030044200b0844a00c8
:1018600030054b0090854b006000b1000898be0029
:101870000a90be000440e10005c8e10006d0e10086
:1018800007d8e10002003100680040001008e800bd
:101890004f05be004f04be0000000600889fbe003a
:1018a0008a9fbe003004be002005be00041854000c
:1018b00005985c0006185d0007985d001100200087
:1018c0000440e10005c8e10006d0e10007d8e100ce
:1018d000010039008000eb00108810004f05be00a9
:1018e0004f04be00000006001200fa00889fbe00f0
:1018f0008a9fbe008c9fbe00e0b79f00f1b79f009b
:1019000082bf9f0093bf9f000605be000404be0077
:101910000000eb00d0b79f00c0b79f00b0b79f009a
:10192000a0b79f0090b79f00000678005fb19700b6
:10193000cfb09700820141003fb097000200e00065
:1019400004003d00370007007e805700c0ff0700fd
:1019500003003700330007007e805700cfff0700e9
:10196000dfb697000d00e0000c0035006fb2970065
:10197000ffb297000fbb97009fbb9700100020009d
:10198000010020006011b800000272008182720024
:1019900002037300838373001b0007000c06e8003a
:1019a00001042000810f5600e0ff3a000d00e00026
:1019b00004003d000802be000a03be007e805700fe
:1019c000a3ff07005fa897000000e00005003a00b1
:1019d0001fb29700afb297003fb39700cfb3970005
:1019e000090007006fb09700ffb097000fb997008c
:1019f0009fb997004f06be004f05be004f04be00c2
:101a00000080fa0000000600010007000000060048
:101a1000a4b79f00b5b79f00c6b79f00d7b79f0078
:101a2000000006004f09de0082817100b3b79f00fd
:101a30004f01de008180400082807000a1b79f00ce
:101a40008fb097004f09de000000400002007000d8
:101a500090b79f007fa897004f01de008180400073
:101a60008280700081b79f000d0007004f3ade00b2
:101a70000000400004007000f0af9f000800070065
:101a80000402420085824a0006034b0087834b0014
:101a9000dfff07000802be000a03be0000000600c8
:101aa0002fb29700bfb297004fb39700dfb39700f4
:101ab00000000600881f780018002000881f7800aa
:101ac00089ff07008f87e9004f04780000000600b7
:101ad000801feb0084ff07008f87e90000000600ed
:101ae000889fbe008a9fbe00e00f5000e08f580024
:101af000e00f5900e08f59000c003d006044b80031
:101b00006055b8000000540081805c0002015d0057
:101b100083815d00180020001500070008003d00cb
:101b2000180007000004eb00050037000004eb007c
:101b30000f00070002003d001200070018002000ff
:101b4000dcff07000800e000060032006022b80059
:101b50006033b8000000520081805a0002015b002f
:101b600083815b004f05be004f04be0000000600ed
:101b7000e00f5200e08f5a00e00f5b00e08f5b0047
:101b8000000006006044b8006055b800040254002c
:101b900085825c0006035d0087835d00000006000f
:101ba000889fbe008a9fbe008c1f7800e00f500007
:101bb000e08f5800e00f5900e08f59000d003d0004
:101bc0006044b8006055b8000000540081805c009b
:101bd00002015d0083815d001c0020000820e100ff
:101be00009a8e1000ab0e1000bb8e1000d003d00da
:101bf000080037000006eb00e00f5200e08f5a00ab
:101c0000e00f5b00e08f5b0006003d006044b80021
:101c10006055b8000402540085825c0006035d0034
:101c200087835d00aaff07000c00e0000600320079
:101c30006022b8006033b8000000520081805a0072
:101c400002015b0083815b004f0678004f05be00f8
:101c50004f04be0000000600889fbe008a9fbe00a1
:101c60008c1f78000006eb00e00f5000e08f58005a
:101c7000e00f5900e08f590007003d006044b800b4
:101c80006055b8000000540081805c0002015d00d6
:101c900083815d001c002000e00f5200e08f5a009d
:101ca000e00f5b00e08f5b0007003d006044b80080
:101cb0006055b8000402540085825c0006035d0094
:101cc00087835d000c00a200840007000c00e00088
:101cd000060032006022b8006033b80000005200f5
:101ce00081805a0002015b0083815b004f0678000f
:101cf0004f05be004f04be0000000600889fbe00d6
:101d00008a9fbe00841f78006c0007004f00780097
:101d100011003300f0ff2f00838f6c0006003b00a2
:101d2000040565000a00a7000800370009f0a600b6
:101d30001000200008003700820f5400838f5c00e1
:101d4000030039001000200001003e0000002000c8
:101d500009f0a7000000ea004f05be004f04be00d6
:101d60000000e00000000600889fbe008a9fbe00c1
:101d700000827000040271000482710026003200ab
:101d80000004be000200be006011b8006b09200014
:101d9000950220000182cf000a0039000541b10000
:101da0000082cf00070039000541b1000982cf0051
:101db000040039000541b1000882cf00010039005c
:101dc0000541b10005425200120032000a003b00fa
:101dd00082817100610164008100d1000080d30024
:101de0008984d3000884d3008b05e8000442e8000e
:101df000f7ff3a00070037000804440089844c00cc
:101e000000004800818048008b05e9000442e90099
:101e1000f9ff3a00030007004f05be004f04be0063
:101e20000000060081002000618055000b003d008d
:101e30000b00200061fe2f000100e1001d003400b6
:101e400082817100610164008904d1000884d3009b
:101e50000000e800faff3a00710020006100640011
:101e600003007000020060000900320061044400b9
:101e7000e0844c000988a500050032008b05e800cd
:101e80006808e10002003a008904d1000884d30008
:101e9000f20f20000258e10005003d00c75ddd00a3
:101ea000f907b2008980750008007800000006007c
:101eb0000bf827008b007800000005000004be002e
:101ec000e7fb07000003be000405be000200be00e1
:101ed000e3fb0700844f750000000600889fbe00ea
:101ee0008a9fbe008c9fbe000404b8000506b8009f
:101ef0008904460060854e000606b8000a054600c3
:101f0000e0854e000706b8008b054600040eb800b9
:101f1000890446000a854e00e0854d00050eb80094
:101f20000a0546008b854e00060eb8008b0546005c
:101f30000416b8000a0546008b854e000516b80049
:101f40008b054600041eb8008b0546000800be0045
:101f50000a01be004f06be004f05be004f04be0082
:101f6000000006000000fa0068815700cfb8970013
:101f7000190307000080fa00000006003d01070079
:101f800095010700c9010700450207006d0207001f
:101f900069030700140337000000fa006881570046
:101fa000cfb897000c0307000080fa00000006007d
:101fb00030010700880107003902070061020700ad
:101fc000ba0107005c030700070337000000fa00ae
:101fd00068815700cfb89700ff0207000080fa0021
:101fe00000000600b10137008000780010002000da
:101ff00002022000828f500004003200e98050006d
:10200000e48f5000010036000000eb0000000600e5
:10201000889fbe008a1f7800000578000a047800b7
:10202000984478000805e8000900fb00eeff07006f
:102030000000e000f9ff3a00b0c2b30080cf5400c6
:1020400005003200d0c2b3008000eb0080cf540006
:1020500005003a00020037008000eb000100370065
:10206000110020000804e8000000eb000300370026
:102070006a02b900020052000003b0003801fb0000
:1020800003fd2f0082814100e98f5100f8ff3600e7
:102090000100e00001003a000000ea004f0578006e
:1020a0004f04be00000006008000780010002000f1
:1020b00002022000828f500004003200e9805000ac
:1020c000e48f5000010036000000eb000000060025
:1020d000889fbe008a9fbe00000578008a047800b1
:1020e000194478000905e8000800fb00eeff07002e
:1020f0000000e000f9ff3a00b0c2b300804f540086
:1021000004003200d0c2b300804f540006003a00f1
:10211000020037000004eb00010037001800200027
:102120008904e800010037000004eb006000b800fb
:1021300006003700a200200003002000e70b070084
:10214000cfd5de000a0050008b8058003905fb0017
:102150000a03b100e90f5500f6ff36000800e00061
:1021600002003a0060001000e08018004f05be0039
:102170004f04be0000000600800178000200370016
:10218000b15978000201e9000200e000fcff3a00ca
:1021900000000600889fbe008a9fbe008004780071
:1021a0000200e0005b00320001407800814c7800c2
:1021b00082814400f1f99f00e20f51005500360082
:1021c00091449800a1449800e1f99f00d1f99f0043
:1021d000e60f51004f003600b1449800c1f99f004e
:1021e000e80f51004b0036000905ea006305650061
:1021f0000a8444000a055100c1ff2f000105650053
:102200000080fb008000eb00121020001310200063
:10221000b20b0700008cbe000a01440060b99f00a9
:1022200071b99f00e80f55003a003600200498006d
:1022300031049800400498005104980020b99f0090
:1022400031b99f0040b99f0051b99f00f80f550068
:10225000300036006004980071049800000c98006b
:10226000110c9800200c9800310c9800400c98003c
:10227000510c980020b19f0031b19f0040b19f00e8
:1022800051b19f0060b19f0071b19f0000b99f00e4
:1022900011b99f0064016400780141000204440008
:1022a000020555006011b8000203be000002be0026
:1022b0000403be006022b80000007200818072003a
:1022c000020173008381730010003700009cbe0080
:1022d0000294be00400498005104980062049800e3
:1022e00073049800000c9800110c9800220c9800c0
:1022f000330c9800400c9800510c9800620c980028
:10230000730c98000a02b1000802b000ff0f5500dc
:10231000eeff3e00090078004f05be004f04be00ee
:1023200000000600889fbe000004be000800780080
:102330001800070000004400890078000e00070024
:10234000080078004f04be000000060081017800fc
:102350000002780030417800b14f510002003a008d
:102360000204e000f9ff3a009480fb001380fb00b8
:102370000080500000000600881f780000047800ec
:102380000800780096040700080078004f047800e1
:102390000000060080007800040037003104e000ef
:1023a00002003a0000005100000006000101780020
:1023b0000108a300f9ff3a0081017800310178009b
:1023c000f4ef2f00020242000281ea0002016200e3
:1023d0000408280004016100f7ff32008300780040
:1023e000010178003104e000fdff3a0000005100d7
:1023f000000006008001eb000200e0001000320047
:102400000002780001037800b44178000304e00082
:1024100008003200b14278000504e00005003200f7
:1024200082034000848f53000200320085cf5100a8
:10243000f4ff32008381fb001680fb008081510095
:102440000300780000000600881f78000004780070
:102450000800780082040700080078004f04780024
:10246000000006008201780001017800f1ff2700da
:10247000be043700ec874700889fbe008a9fbe00dd
:102480008c9fbe008e1f7800000678000104780043
:10249000180790002805900098067800cdb79f0097
:1024a000b80590003202be002203be000400be0048
:1024b0000601be004f18de006011b8008000eb007e
:1024c000d0b79f00e1b79f00f2b79f0083bf9f0086
:1024d000800478000900e000060032006000b800c7
:1024e0006011b800040250008582580006035900ac
:1024f000878359000e00e000020035000d10a10096
:10250000cdb79f000900e00005003a004fb09700ea
:102510000028a30002003a000038a30002003200a5
:102520008a00e900010037008a007800f88157002e
:10253000a200200008007800860007000900e000e3
:1025400003003a00cfb097000128a3000800320032
:102550000000e90000814500b1c2b3000900e000bd
:1025600001003200d1c2b3000149780005003700f4
:102570000138a300030032000000e90001c2b300eb
:1025800081757800480190000201e90000015100c6
:10259000808045004fb297008a0178000c007800d7
:1025a000300207009c0090000188a3000400320064
:1025b00098009000810f500001003d00010078005c
:1025c0004f0778004f06be004f05be004f04be0007
:1025d000cf00b100000006000200fa00889fbe0094
:1025e0008a9fbe0080057800010478000200780010
:1025f000180190002805900098007800b1bf9f0056
:10260000b80490000200e000020035000110a100b3
:10261000b1bf9f00ea815700820020008a00780045
:102620003002be002003be00080078004900070009
:102630003fb99700f0006100030032000000e9009c
:1026400001c3b300817478003fb99700e8006100ce
:10265000030032000000e90001c2b3008174780079
:10266000480190000201e90000015100808044000f
:102670003fba97008a0178000b007800f901070043
:102680009b0090000188a300040032009800900095
:10269000810f500001003d00010078004f05be0091
:1026a0004f04be000080fa0000000600ea874700e1
:1026b000889fbe008a9fbe008e1f780000047800ad
:1026c000030078007287570084e2260055c7260071
:1026d000049fbe00c3962200030f78006c8757004a
:1026e000004feb0011059000a104900091057800c7
:1026f0000200e0000200320002077800010037000b
:10270000728757000000e00002003a000e007800d7
:1027100020ff07000a00e000030035008a0f500088
:10272000010036000a0078000b0278008901780069
:10273000000178008e00780008007800c9010700c9
:102740004f0778004f05be004f04be00af00b10038
:1027500000000600f4874700889fbe008a9fbe00e5
:102760008c9fbe008e1f78000605be000404be00cc
:1027700081bf9f0082b79f00f3b79f00b000900019
:10278000e1b79f001301780092b79f009006900078
:10279000400090000000e900000678000d00e00015
:1027a00001003d001d0020008040eb00efb19700cc
:1027b000817178001e0020001f0037000c06e90020
:1027c0000fb09700cf80de006109b900a0b79f006d
:1027d000b1b79f00c2b79f00d3b79f000203be00ee
:1027e0000002be000800be000a01be00b8fc0700df
:1027f000000778000e4078000043b000efb097006b
:1028000080707e008d06e9000fb997000201e90093
:1028100082bf9f002fb29700bfb297004fb39700bf
:10282000dfb397000800be000a01be00a1fc07004c
:102830000205be000004be000c00e0000d003400e4
:10284000e00f5400e08f5c00e00f5d00e08f5d0062
:10285000daff3a000d00e000d8ff3c008fb9970086
:102860000300e000030034001fb097000018a3002d
:10287000d2ff3a000e00e00002003a00ffb09700dd
:102880001140a1000c0078004f0778004f06be00f1
:102890004f05be004f04be004f01b100000006000e
:1028a0000200fa00889fbe008a9fbe0000057800e3
:1028b000010478000200780018019000a80490003c
:1028c00098007800b1bf9f00b80590000200e000ba
:1028d000020035000110a100b1bf9f00ea8157003e
:1028e000a2002000890078003002be002003be0054
:1028f0000800780097ff0700480190000201e900f6
:1029000000015100808045003fba9700890178009e
:102910000a007800530107009a0090000188a30084
:102920000400320098009000810f500001003d002b
:10293000010078004f05be004f04be000080fa0081
:1029400000000600fa874700889fbe008a9fbe00ed
:102950008c9fbe008e1f78008004780001047800f0
:10296000820578001801900028059000180778006b
:10297000b80090000200e000020035000e10a10037
:10298000010037001200200070006700e0b79f00d0
:10299000090032003b02be002b03be00e00f5200d4
:1029a000e08f5a00e00f5b00e08f5b000200320016
:1029b0008a86e900010037008a067800e80267008d
:1029c000f5b79f00010032008d06e9003b02be0012
:1029d0002b03be00e4af9f00f5af9f0086b79f00ba
:1029e00097b79f00480690000c06e9000040eb00f6
:1029f00080707e00efb297007fb297008903780065
:102a000081047800d8af9f00020478008bbf9f003c
:102a10008a057800034578002a0037000c06e90093
:102a20006fab97006f006300e90f500002003c009d
:102a30000003b000010037007005b0000a03fb007e
:102a40001604b100f90f53000c003e00000378009b
:102a50000650a0001606b100f90f530007003e0013
:102a6000b4b79f00a5b79f00c7b79f003803070002
:102a7000cfb39700afb297003fb2970080747e004b
:102a80000804e9008d06e9006fa89700ffa89700e9
:102a90000fb197009fb19700460020008301d1003d
:102aa0000281d3008180d3000080d3000603e900b7
:102ab000faff3a00e0af9f00f1af9f0082b79f009e
:102ac00093b79f00e10f56000f0034006fa89700e6
:102ad000ffa897000fb197009fb19700e00f50003b
:102ae000e08f5800e00f5900e08f5900cbff3a000b
:102af0000800e000c9ff3c000d00e00002003400c7
:102b00000e18a300c5ff3a0089007800f4b79f00b3
:102b1000870478005fac97008a4178000b05780045
:102b20008fbd97000500e000100032003b02be00a0
:102b30002b03be00e4af9f00f5af9f0086b79f0058
:102b400097b79f00e00f5200e08f5a00e00f5b0044
:102b5000e08f5b00050032000c06e90083707e0008
:102b60000c06e90000c3b30080707e00ffb297003e
:102b70000500e000030032000c06e90000c2b300cb
:102b800080707e00480190000201e9000c015100b4
:102b90008c8040000e0278008a01780009007800dd
:102ba000b0000700990090000188a30004003200e3
:102bb00098009000810f500001003d000100780056
:102bc0004f0778004f06be004f05be004f04be0001
:102bd000af01b10000000600820178000101780019
:102be000f1ff27000903370084082000848f50007c
:102bf0001d0032000d003c0014082000848f50009e
:102c00002700320002003c000408200004003700c6
:102c100024082000848f5000340032004408200033
:102c2000848f500043003a0036003700040a200029
:102c3000848f50002700320004003c00040920006b
:102c4000848f50003b003a0028003700020c20001f
:102c5000828f50002f003200020f2000828f500020
:102c600034003a002b0037009380e9000200e000b6
:102c700005003200810978001102fb00cfa2de00be
:102c8000612bb900280037008109780011427800d3
:102c90000482fb008002eb006033b80022003700a2
:102ca00013027800e40052000200e0000500320048
:102cb000810978001102be004fabde008603780068
:102cc00019003700810978001102be006033b80096
:102cd000150037009380e90081097800110278001f
:102ce000cfa2de00612bb9000f00370093027800fd
:102cf000e8805200810978003102be002103be0045
:102d0000090037009380e9000200e0000200320071
:102d1000f1ff37009380e900810978001102780003
:102d20008002eb006033b8000498be000690be003d
:102d3000100005000000050044082000848f5000aa
:102d40002500320008003c0014082000848f500049
:102d50001400320024082000848f50002400320028
:102d6000040820000c00370004092000848f500064
:102d70001f00320004003c0084082000848f5000b3
:102d800024003a000e003700040a2000848f50000f
:102d900011003200040c2000848f50001d003a0006
:102da0000d0037009380e9008109780091007800d8
:102db00001087800cf91de008288be001400370041
:102dc0009380e9008109780091007800010878007b
:102dd000824878000e0037009380e900810978006e
:102de0009100780001087800820878000800370018
:102df0009380e9008109780091007800010878004b
:102e00006112b900612bb9008498be008690be00a3
:102e10001000050000000500889fbe000004780037
:102e20004800900082047800808f54000100360032
:102e3000800478000901780058009000cefc07005b
:102e4000580090000900400050049800c80090000d
:102e500089845000490498000048eb004f04be00ec
:102e600000000600f2874700889fbe008a9fbe00d0
:102e70008c9fbe008e1f78008004780001057800ca
:102e800002047800830578006107620002003a00be
:102e90008b0f540008003900080178008a00780080
:102ea00009007800dcff07008b0f54000200390096
:102eb000880578001e003700088655000c01780050
:102ec000f00f560001003600020120000102200030
:102ed0007e805700affc07008c06780005003700a5
:102ee00002012000fe80570009007800caff070099
:102ef000f0865600ef8f5600f9ff3e004461de0079
:102f000000ff2f000091b90002014600fe8057002b
:102f100009007800c0ff07000e00e00004003a003e
:102f2000080178008a00780009007800baff0700dd
:102f30000b0078004f0778004f06be004f05be001b
:102f40004f04be002f01b100000006000000050084
:102f50000000050000000500000178000040eb00c3
:102f60008080fb00818040006325210063c27800df
:102f70000404e00003003a007025210060c07800de
:102f80000000060092017800934f520004003a00be
:102f90007025210060c078000309e80001003700b7
:102fa0000040e800ea4f5000edff36000000060048
:102fb000f6874700889fbe008a9fbe008c9fbe0098
:102fc0008e1f7800000578000104780083057800e2
:102fd000040678000000eb00c0b79f008080eb0083
:102fe000d1b79f00e0b79f00f2b79f000008200014
:102ff00080bf9f0098007800010078008004eb00fb
:10300000010037008904e800304178000204e00044
:103010000300320053c2b300834f5100f9ff3a005e
:103020000900e00004003200090178000a0078007d
:1030300079ff0700188c44001807780050c2b300cd
:103040009e4f10003f013a000e07e8000e0c78007a
:1030500010003700cfb097000100a0000b00370030
:10306000cfb097000110a00008003700cfb0970044
:103070000120a00005003700cfb097000130a0006c
:1030800002003700cfb097000140a000c1b79f00f9
:10309000000ce8001800780090407800b2c2b3003d
:1030a00082cf5000f1ff320007003c0002c2b300a3
:1030b00082cf5000f0ff320032c2b30082cf500006
:1030c00007003a00efff3700d2c2b30082cf5000b2
:1030d000e0ff320002c3b30082cf5000e0ff3200b5
:1030e000a2c2b30082cf50000d003a00000ce800ed
:1030f0001c80e900000e780010007800e0b79f0007
:103100000000e0000f003d00cfb097000100a200da
:10311000c1b79f000000ea00e0b79f000900370038
:10312000bbfb0700e0b79f0001003700000ce80080
:10313000180078009000fb000103b100e98f5000f7
:10314000faff36004fb097000008a30002003200db
:103150000010a100c0b79f0018007800e1c2b300c2
:1031600090cf100016003a008000eb00d1b79f000e
:103170000000e800000c7800a1c2b30090cf10005e
:1031800006003a00000ce8001c80e900000e780000
:1031900010007800d0b79f00090037009cfb0700a3
:1031a000d0b79f0001003700000ce800180078003d
:1031b0009000fb000103b100e98f5000faff3600d8
:1031c0000800780064ff0700804678001800780047
:1031d0001000fb005701070091062000810f5000ee
:1031e0003800320012003c0041062000810f5000e0
:1031f000340032000a003c0011062000810f50000c
:103200002000320031062000810f5000a000320063
:1032100051022000810f5000bc003a00b40037007a
:1032200071062000810f5000b8003c008800370074
:1032300001072000810f50005c00320007003c00b5
:10324000e1062000810f50007a003200f1062000d4
:10325000810f5000ad003a003900370051072000bf
:10326000810f50002700320081072000810f50009d
:103270004200320031072000810f5000a3003a00c5
:103280008f0037008d80fb000c01780000fe2f00be
:103290000f004000820107000000e000a80032009b
:1032a00018007800000ce8009041780002fe2f0022
:1032b0000f014100f88057000a007800b4010700b0
:1032c0000e0037008d80fb008c017800120020007a
:1032d00000fe2f000f00400043fe07000000e0004a
:1032e00097003200180ce80002fe2f000f01410089
:1032f000f88057000a0078005efc070080844400d4
:10330000900037008d80fb008c0178000001eb00fd
:1033100000fe2f000f00400033fe07000000e00019
:1033200087003200180ce80002fe2f000f01410058
:10333000f88057000a00780059fd0700efff3700ba
:103340008d80fb008c0178000001eb0000fe2f0057
:103350000f00400024fe07000000e000780032006b
:10336000180ce80002fe2f000f014100f880570002
:103370000a00780098fc0700e0ff37008d80fb0012
:103380008c0178000001eb0000fe2f000f004000d0
:1033900015fe07000000e000690032001800780008
:1033a000000ce800904178001c0037008c01780088
:1033b0000001eb00010f200000fe2f000f00400075
:1033c00009fe07000000e0005d003200180ce80074
:1033d0000fb097009fb097002fb19700bfb1970033
:1033e000e00f5000e08f5800e00f5900e08f5900c7
:1033f00009003a00cfb597006fb49700e024210090
:10340000e4fb07000b0278008801780000017800d7
:10341000e12421004700370083c7b30002fe2f00dc
:103420000f014100f88057000a00780045fd0700b1
:10343000b2ff37000b8144008d80fb008c017800c7
:1034400000fe2f000f0040003bfe07003c0037004d
:103450008d80fb000c01780000fe2f000f00400063
:103460000f0107000000e00035003200180078006e
:10347000000ce8009041780002fe2f000f0141008f
:10348000f88057000a007800e40307009bff37002c
:1034900000c8b30080cf560029003a00180ce8009d
:1034a0001c80e900000e780010407800e0df9f00eb
:1034b00013002000e2fd2f000f014100080037003b
:1034c00000c8b30080cf56001d003a00180ce80079
:1034d0001c80e900000e78008001eb0010017800ec
:1034e000f88057000a00780070fc070083ff37005f
:1034f00000c8b30080cf560011003a00180ce80055
:103500004fb29700efb19700080037000e0c78001b
:103510000000eb00c0b79f00e0b79f000080eb0009
:10352000d0b79f000002eb00840178001200200059
:10353000412521000a0078004afe07006fff37008e
:10354000180ce800090078004f0778004f06be000d
:103550004f05be004f04be006f01b1000000060021
:103560008200fa00889fbe008a1f7800000578005c
:1035700082047800c13f9f000004eb001000370078
:103580000902780088017800a2f72f000f0141009e
:1035900081f72f008f8040000a00780084fe07002a
:1035a00008004000880f500004003d00b0042000d7
:1035b000f09588000084eb000400370000047800d8
:1035c0004f3897001004e000edff3a000800780043
:1035d0004f0578004f04be000080fa00000006008e
:1035e0000101780080017800008268000408a300cf
:1035f000050032001300370032407800805978000f
:103600000004e00014003200030278000208a30066
:10361000f9ff3a0003007800010037000318780032
:1036200082007800b2017800f5ef2f00838242001b
:103630000382ea0004826200050828000502620095
:10364000f6ff32000002780031417800025878001d
:103650000204e000fbff3a000400780000000600ce
:10366000881f78008101780000027800808268005d
:103670000508a30002003200210037000201e90022
:1036800003007800040478000308a3000700320058
:103690000200e00021003200b3407800015a7800b7
:1036a0000104e000f5ff3a00020037000200e000ec
:1036b0001a0032001004e00003003a00170037003f
:1036c000031c78000281e90080007800e10f5100be
:1036d00008003600b0017800f5ef2f008382420029
:1036e0000382ea00048262000508280005026200e5
:1036f000f3ff320008007800010037000201e90002
:10370000000478000200e00004003200b1417800bb
:10371000035878000304e000f8ff3a008000eb0053
:10372000080078009bfa0700080078004f04780032
:1037300000000600f1fb2f0080804000f98f500050
:1037400001003e000050a00000000600f9ff370015
:10375000f1f92f0080804000f98f500001003e00f9
:10376000f005b20000000600f9ff37000f04b000ba
:103770008e1f780002027800030178000000e0004c
:103780000200320000077800020037000efc2f0014
:103790000f0747008002eb000100e000010032004b
:1037a0008102e9000f007800e003b1001d0009006c
:1037b0000018eb000080eb0090a79f002310200072
:1037c000a3a79f00bea79f00c1a79f00d5a79f00ea
:1037d0000100e00003003d00b1042000f1958800e5
:1037e00007003700004feb00fea79f00eea79f00e9
:1037f0008400780020fc2f000f00400047000700e5
:103800004f0778000f04b10000000600f287470060
:103810008e1f780002027800030178000000e000ab
:10382000020032000007780001003700728757005d
:103830008002eb000100e000010032008102e9009b
:1038400070805700060009000018eb000080eb00b4
:1038500080bf9f002310200093bf9f00aebf9f003a
:10386000b1bf9f00c5bf9f000100e00003003d0005
:10387000b1042000f195880006003700004feb00ee
:10388000eebf9f00debf9f0084007800708057006d
:10389000300007004f0778002f01b100000006003c
:1038a000881f78000004780000082000808f5000f6
:1038b0001700350010082000808f50000b003400e6
:1038c00030082000808f500011003a0092007800ec
:1038d00068805000000978003002be002003be005e
:1038e000049cbe000694be000700370092027800d8
:1038f00064805200000978001000be00ac0507008b
:10390000009cbe000294be001000200001003700a1
:103910000000eb004f047800000006000200fa00ef
:10392000881f780000047800e2bf9f006481570080
:10393000080078000aff0700980090000148a300e3
:10394000010032000080eb004f0478000080fa0094
:10395000000006000200fa00881f780000047800ca
:10396000e2bf9f006481570008007800fcfe07005a
:10397000980090000148a300010032000080eb0095
:103980004f0478000080fa000000060000000600e6
:103990003e00fa00889fbe008a9fbe008c9fbe003a
:1039a000100798008346780011007800400f9800b7
:1039b000910190004307980021029000240f980085
:1039c000c1029000050f7800b1009000611f9800bf
:1039d0003204be002205be00281f9800391f98003f
:1039e0004a1f98005b1f98006022b8006033b8003f
:1039f0000800be000a01be00630507000000e000e9
:103a000009003d000800be000a01be0003f0a2004c
:103a1000201f9800311f9800421f9800531f9800e4
:103a2000d0c2b30004003700ce0890000128a300e4
:103a300009003200b0c2b3006e199000004978004e
:103a4000ae0990008301e900330f980014002000b4
:103a5000540f980010003700ce0a90000538a300dc
:103a60000900320000c2b3006e1b9000004b7800ca
:103a7000ae0b90008703e900370f98001800200074
:103a8000580f980004003700ae0c9000390f9800d2
:103a90000005eb005a0f98002e189000be189000f9
:103aa0004e199000de199000b8ff0700f4ff2f00b8
:103ab000f5ff2f00f6ff2f00f7ff2700040260003c
:103ac0008582600006036100878361006000b800a2
:103ad0000200200003ff27000020e10001a8e10010
:103ae00002b0e10003b8e1000c003a008d06fb00d3
:103af0001d04b100ee1d9000de089000018045001d
:103b0000a1292100f98f560001003600e12921008a
:103b100019fa0700e02921002f0237000020e100f8
:103b200001a8e10002b0e10003b8e1000c0036009a
:103b30008d06fb001d04b1006e199000de09900097
:103b400003004100212a2100f98f560001003600b0
:103b5000612a210008fa0700602a21001e023700ae
:103b600000c3b3006e1a9000de0a900000f27a00e3
:103b70000500e800000142008d00fb00f6fb2f006d
:103b8000068340002607980081c7b300f90f530051
:103b900001003e0081c5b300014978000000e80043
:103ba000500f98006022b8006033b8002e189000c3
:103bb000be1890004e199000de199000f204070024
:103bc0000000e0005e0032008003eb006044b800bb
:103bd0000a0020000bff230068079800790798006f
:103be0000a0f98001b0f98000706780005003700a1
:103bf0000c06e8006e0c9000fe0c90000e15900074
:103c00009e1590000802be000a03be000800be0018
:103c10000a01be003d0507000002be000203be000f
:103c2000640f9800750f98000617980017179800f2
:103c30002e189000be1890004e199000de199000ca
:103c4000d10407000000e000e9ff3d006c0f980080
:103c50002a0037006022b8000600200007fe23007b
:103c60000800be000a01be00220607006022b8005c
:103c70006033b800c40407000000e00016003a00fa
:103c80006022b80006002000073524000800be00ae
:103c90000a01be00170607000004be000205be00b0
:103ca0006022b80006002000073524002e1890007e
:103cb000be1890004e199000de1990000d06070006
:103cc0000002be000203be00241f9800351f9800aa
:103cd000461f9800571f98006022b8000600200079
:103ce00007fe23000800be000a01be00010607000f
:103cf0000004be000205be000c06e9000802be007a
:103d00000a03be002e189000be1890004e199000b5
:103d1000de1990009c0407000000e000cdff350094
:103d20000800be000a01be006007980071079800f5
:103d3000020f9800130f98006c0f980009003700cd
:103d40008000eb00610f98006022b80006002000a0
:103d500007ff23006407980075079800060f980076
:103d6000170f9800ce029000800120000500e000af
:103d7000010035004e0090000000e8003007980078
:103d80006e049000fe0490000e0d90009e0d9000b9
:103d900068179800791798000a1f98001b1f980051
:103da0002e1c9000be1c90004e1d9000de1d900049
:103db0000006eb003a0037006e129000fe129000f1
:103dc0000e1b90009e1b90000800be000a01be0062
:103dd00019050700710707000002be000203be00bc
:103de0002417980035179800461798005717980021
:103df0008e04070080027800550798006e1290002c
:103e0000fe1290000e1b90009e1b90002e10900042
:103e1000be1090004e119000de119000b505070015
:103e20000002be000203be000800be000a01be0080
:103e3000b00407000004be000205be006022b80006
:103e40000600200007fb23006e109000fe1090007b
:103e50000e1990009e199000a60507000002be00f2
:103e60000203be006417980075179800061f98009b
:103e7000171f98000c06e800ce0290000500e00035
:103e800007003d006022b8006033b8000800be00a3
:103e90000a01be003c0407000000e00004003200fc
:103ea0003e039000860f5600c3ff35000100370027
:103eb0003c0798006022b80006002000070224009a
:103ec0006e109000fe1090000e1990009e19900048
:103ed000880507000002be000203be0064179800b8
:103ee00075179800061f9800171f98000800be005d
:103ef0000a01be00240407000000e0000d003500a8
:103f00006e129000fe1290000e1b90009e1b9000ff
:103f10000800be000a01be001b0407000000e0000c
:103f200011003a00de0290000508a30008003200ec
:103f30000d0037006044b8006055b800681798005d
:103f4000791798000a1f98001b1f98000600370079
:103f50006000b8006011b8006017980071179800f1
:103f6000021f9800131f98006e129000fe1290001e
:103f70000e1b90009e1b90002e189000be18900003
:103f80004e199000de199000600407000002be0088
:103f90000203be006417980075179800061f98006a
:103fa000171f980079fe07000203be000002be0042
:103fb000f0ff2f00f1ff2f00f2ff2f00f3ff27008b
:103fc000000462008184620002056300838563004f
:103fd000281f9800391f98004a1f98005b1f9800ff
:103fe0006000b8000200200003ff27000040e1004d
:103ff00001c8e10002d0e10003d8e100bbfe3200bd
:10400000be0c90008984e900291f98005e0e900084
:104010008006eb005d0798002d1798006f003700b1
:104020006e029000fe0290000e0b90009e0b90001e
:104030006e109000fe1090000e1990009e199000d6
:104040007d040700d50607000004be000205be007f
:10405000f6030700800078000100e00006003a0047
:104060002e1090000000e000030032008d06e800f2
:104070003d0f9800330037005e0190000200e00021
:104080000c003a00ae1190000300e000090032007d
:10409000e0c2b3006e1a900000727e000c06e800c9
:1040a000ae1a90008502e900251f98001600200036
:1040b00056079800ee1b90000c8143000d0078001d
:1040c000070278000300370003c3b30003597800e8
:1040d0000000e9000000e000fbff3a00300f98000c
:1040e000641f98000d064600e98f500003003c0055
:1040f000000320000100400002003700700520008e
:1041000001004000ae009000f98f500006003e0014
:10411000800078000150a0001106b100f98f500016
:1041200001003e008afd07006e19900000717e00bc
:104130000c06e8008d86ea00ae1990008d814100e2
:10414000231f98006e029000fe0290000e0b90005c
:104150009e0b90000800be000a01be00e5040700a7
:104160000002be000203be006e109000fe10900020
:104170000e1990009e199000de0307000002be0099
:104180000203be006417980075179800061f980078
:10419000171f98006022b8000600200007fb2300cc
:1041a0006e009000fe0090000e0990009e099000a5
:1041b000d00407000004be000205be006807980096
:1041c000790798000a0f98001b0f9800ae14900012
:1041d0008904e90029179800be0e90002e15900062
:1041e0000a00ea00be0590008b0f500004003d005d
:1041f0009e00780065805000800f560088ff3900cf
:104200005e0190000200e0001e003a000d00e00098
:104210007d003400ce0190000300e0007a003400fd
:104220004e0a90000408a30077003a00ee1a9000ae
:104230008c804200e0c2b300804878000d00780016
:104240008501780002c3b300826878000000e900ad
:10425000fcff3a00631f98000c8646000c06e8003d
:104260002e1b90000600e9000d005000201f980052
:1042700004003700e0c2b300ee1b900080737e00a4
:104280000c06e8006e1c90000c0044000048eb0097
:104290009e0478008900e9000041eb0002f47800f8
:1042a0008001eb006e0d90000a00e00003003d006d
:1042b0000a05ea006a0f980013002000120020008f
:1042c0006e0a9000810378002e1b90006e1c9000f7
:1042d000800678000900370081037800a5002000df
:1042e000110009000502d8000002be000543b0001d
:1042f00005f47b000201e9000603e9008700e900fc
:104300000400e000f4ff3a00e10f5100f2ff320038
:10431000261f9800681f98000d00780001024400d5
:10432000b2c2b3000300e00001003200d2c2b30009
:10433000024a78000101e900ee19900082804100f4
:1043400003c7b3002e029000f90f520001003e0097
:1043500003c5b30083487800820f560001003d007a
:1043600005f80700ce0a900063806200e20f50005b
:1043700018003a002e1b90000684e9004240a90074
:10438000140034006e18900002f80700800044000a
:104390008100e800ee1b90008180430087017800d7
:1043a00002003700e36078000000e900de0c9000b6
:1043b000890f5000fbff3d00631f980009804100fa
:1043c000080178000103200072f707000005eb00e8
:1043d0002a0f98006e189000eef707004e0a900022
:1043e000ae09900000017800ee1890001e009000c9
:1043f0009cfa07004f06be004f05be004f04be00ea
:104400000080fa0000000600ce0d90000b48a300cb
:1044100098ff3a009bff3700000006004200fa00b8
:10442000889fbe008a9fbe008c9fbe002007980018
:10443000110f9800034f980011007800400f98006a
:1044400091009000610f98009e099000a3019000d8
:10445000330f98001e0a9000440290001407980041
:104460009e0a9000b5029000052798003204be0015
:104470002205be006022b8006033b8000800be000c
:104480000a01be00c00207000000e00003003d007a
:104490000bf0a200d0c2b300040037004e0b900016
:1044a0000628a30009003200b0c2b3008e2390009a
:1044b000804b78003e0890000000e900700f9800e3
:1044c00011002000510f9800100037004e09900095
:1044d0000238a3000900320000c2b3008e21900010
:1044e000804978003e0a90000402e900740f9800a9
:1044f00015002000550f9800040037003e0b900077
:10450000760f98008003eb00570f98000800be005c
:104510000a01be00c0ff0700f4ff2f00f5ff2f00c7
:10452000f6ff2f00f7ff270004026000858260007d
:1045300006036100878361006000b800020020006c
:1045400003ff27000020e10001a8e10002b0e10024
:1045500003b8e10011003a000e4890008000fb0013
:104560001104b1000e219000de099000030041000b
:10457000f98f500002003e00a12a210001003700ff
:10458000e12a21007cf70700e02a210081f70700db
:104590005e0a900004014000150037000020e10091
:1045a00001a8e10002b0e10003b8e1001300360009
:1045b0008e4a90008500fb001104b1000e2390008c
:1045c000de0b900007004300f98f500002003e0010
:1045d000212b210001003700612b210066f7070025
:1045e000602b21006bf70700de08900001014000fe
:1045f0004e0a9000be099000500237006022b800b9
:104600006033b8000800be000a01be005e02070069
:104610000000e0006a0032006022b80006002000be
:1046200007ff230044179800551798006617980055
:10463000771798008006eb000800be000a01be0054
:10464000001f9800111f9800221f9800331f980028
:104650000e269000070037008d06e8000802be0015
:104660000a03be0044179800551798006617980073
:10467000771798006022b800060020004702240047
:104680004e109000de1090006e119000fe11900010
:10469000980307000004be000205be000002be0031
:1046a0000203be000e1890009e1890002e19900074
:1046b000be199000340207000000e000e6ff3d0054
:1046c0000c2798000006eb004e149000de149000ba
:1046d0006e159000fe1590002500370040ed2f006c
:1046e000808f560019003d000c00e00016003a00d3
:1046f0006022b80006002000073524000e18900044
:104700009e1890002e199000be19900079030700a2
:104710000002be000203be00041f9800151f98008f
:10472000261f9800371f98006022b800060020005e
:10473000073524000800be000a01be006d03070013
:104740000004be000205be001c0020006022b8006c
:1047500006002000470224000800be000a01be0037
:10476000b50207000004be000205be008d06e90088
:104770000802be000a03be000e1890009e189000aa
:104780002e199000be199000ff0107000000e00004
:10479000d2ff35000800be000a01be004017980095
:1047a0005117980062179800731798000e1c90001c
:1047b0009e1c90002e1d9000be1d9000080037002a
:1047c0006022b8000600200007ff2300441798006d
:1047d0005517980066179800771798008006eb0029
:1047e0008e4a90000500fb00d2fb0700104f980096
:1047f0006e0b9000600020000600e0000100350014
:104800006e08900071c6b3009e4b900081cf53009c
:104810000a003a00ee0890000100e000cf013200eb
:10482000cf0137008d0f5000d3013c00001f9800ce
:1048300052c6b300425f98001e0037009e499000a8
:10484000435f98000200370064c6b300445f9800dd
:104850000000e800001f980060c6b300ce5a900028
:1048600080cf520013003a000d00e00008003d0028
:104870006000b8000200200003ff230040179800ea
:104880005117980062179800731798008006eb0084
:1048900061c6b300415f980070c6b3001e49900026
:1048a000804f5100030032008e1990008d8141002d
:1048b000031f98004e129000de1290006e139000bd
:1048c000fe139000441f9800551f9800661f980023
:1048d000771f98000800be000a01be00001798006c
:1048e0001117980022179800331798000006eb0064
:1048f0000802be000a03be0054079800650798002e
:1049000076079800070f9800310037004e1a900084
:10491000de1a90006e1b9000fe1b90000e1090009f
:104920009e1090002e119000be11900042020700d0
:104930009a0407000004be000205be00bb01070088
:1049400080027800250f98004e1a9000de1a900021
:104950006e1b9000fe1b90000800be000a01be0006
:10496000e40207000e1290009e1290002e13900099
:10497000be139000df0107000002be000203be006c
:1049800007f0a20004179800151798002617980042
:10499000371798006022b800060020004702240064
:1049a0004e189000de1890006e199000fe199000cd
:1049b000210207000002be000203be00441f98004f
:1049c000551f9800661f9800771f98000c06e80096
:1049d0008e1a9000850f5600ccff35005e049000c3
:1049e000ee0490007e0590008e0d90006022b800cd
:1049f00006002000470124004e189000de189000a9
:104a00006e199000fe199000ba0207000002be0065
:104a10000203be00441f9800551f9800661f9800af
:104a2000771f98000e1090009e1090002e1190009d
:104a3000be119000540107000000e0000f00350097
:104a40004e1a9000de1a90006e1b9000fe1b900024
:104a50000e1090009e1090002e119000be1190003c
:104a6000490107000000e00011003a00ae0a900082
:104a70000508a300080032000d0037006000b800f0
:104a80006011b800401f9800511f9800621f9800e5
:104a9000731f9800060037006022b8006033b8002a
:104aa000441f9800551f9800661f9800771f9800b4
:104ab0004e1a9000de1a90006e1b9000fe1b9000b4
:104ac0000800be000a01be00900107000002be00ff
:104ad0000203be00041798001517980026179800c7
:104ae000371798006022b800060020004702240013
:104af0004e109000de1090006e119000fe1190009c
:104b00007c0207000004be000205be000002be00d9
:104b10000203be000e1090009e1090002e11900017
:104b2000be1190001d0107000000e00009003500e3
:104b30008d06e80060c6b300ce5a900080cf5200c8
:104b400008003a000e1b90000603e800061f9800bc
:104b5000110037004e149000de1490006e15900086
:104b6000fe15900050c6b3004e599000804f510082
:104b700009003a000802be000a03be00441f980064
:104b8000551f9800661f9800771f98008002eb0061
:104b900045179800070037000800be000a01be0054
:104ba000401f9800511f9800621f9800731f9800c3
:104bb0004d1798005e0e90000001eb00220f980048
:104bc00032079800520798000d0f78006a003700ee
:104bd0004e1a9000de1a90006e1b9000fe1b900093
:104be0000e1090009e1090002e119000be119000ab
:104bf00091010700e90307000004be000205be00a2
:104c00000a010700e90f5000010034009000200065
:104c1000ce0990000348a3000c003a000000e00019
:104c20000a003a0071c6b3001e4a9000814f52003c
:104c300006003a00ce1290000500e00003003d009f
:104c40002e0b90008606e80023003700be0390007c
:104c50000700e0000c003a00ce1090000100e000d8
:104c600009003d00e1c2b3000e21900001717e00f9
:104c70000c06e800fe0990008301e900730f98001c
:104c800014002000340798008e2290000c8142000e
:104c9000ae0e9000850178000300370001c3b30019
:104ca000015978008d06e9000d00e000fbff3a0095
:104cb000032798002e0b9000060646000043b00024
:104cc00080717e000c06e8000680ea00fe0b900072
:104cd00080834300770f98004e1a9000de1a9000f0
:104ce0006e1b9000fe1b90000800be000a01be0073
:104cf000000207000e1290009e1290002e139000ea
:104d0000be139000fb0007000002be000203be00bd
:104d100007f0a200041798001517980026179800ae
:104d2000371798006022b8000600200047022400d0
:104d30004e189000de1890006e199000fe19900039
:104d40003d0107000002be000203be00441f9800a0
:104d5000551f9800661f9800771f9800ce1290008c
:104d60008502e900451798005e0390000603e800fd
:104d7000560798002d0f9800de0390000e18900043
:104d8000808f530005003d009e0890004100900078
:104d900065005000800f56008dff39009e06780098
:104da0003e0190000200e00007003a00ce099000aa
:104db0000348a30004003200e0c2b3000e229000ba
:104dc00000727e000c06e8008e2290000c804200eb
:104dd0000048eb0051c6b3004e5b9000814f53007a
:104de00038003a009e0390008700e9000041eb0084
:104df00082f278008001eb000d00e00002003d002f
:104e00008d06ea0013002000220020000103780034
:104e1000fe0a90008e239000000478000a003700fc
:104e200001037800a4002000110009008406d800c6
:104e300001027800800678000443b00084737b0090
:104e40000201e9008502e9008600e9000d00e000aa
:104e5000f3ff3a000200e000f1ff3c00750f9800fc
:104e6000072798000800780001824300b2c2b3000f
:104e70000300e00001003200d2c2b300024a780011
:104e80000101e9008e219000828041008e4a90004d
:104e90000502fb001404b10053c6b300f90f520021
:104ea00001003e0053c4b300834878007e0b90009d
:104eb0000683e900760f9800820f560001003d003e
:104ec0002df50700ce0b900063806300e20f5000c9
:104ed00015003a007e0890000000e0001200340047
:104ee0000e2090002bf507008e2190000400370063
:104ef0007e09900082804100e37078000000e900a4
:104f0000de0a9000850f5000f9ff3d00032798004e
:104f1000058041007e099000010320009df40700f8
:104f20000003eb00360f98000e20900019f50700e3
:104f30004e0a9000be099000000178008e2090007b
:104f40002e009000c7f707004f06be004f05be00b9
:104f50004f04be000080fa00000006001000200090
:104f6000e48f46002ffe3d00001f980057c6b30097
:104f7000475f98004ffe37000d00e00032fe35001d
:104f8000001f980042fe37008f1fd1007a020700f1
:104f90008f87e9000000e00000000600809feb0022
:104fa000750207008f87e9000000e000000006009e
:104fb00081037800aaef07000001be006000b8007e
:104fc0000478a30013003a006220e10015003e00bf
:104fd0000d0039008301d1000281d3008180d3000c
:104fe0008301d1000281d3008180d3008301d100ed
:104ff0000281d3008180d3000538b000c42add00cf
:10500000f300b2008381720007f0a70003f0a00054
:105010000000060083ff2700020020006110b90095
:10502000f9ff370003ff2700f7ff37001400fa00ed
:10503000889fbe008a9fbe008c9fbe000004be00f9
:105040000205be00680047000a90be000890be003e
:10505000840207000070a7000bf0a100304320007d
:105060009e02900080825200b0fe2f000028e100d6
:1050700011003d00b0fc2f000028e10015003400b5
:105080001e0990008e0890007e0090000501b0007f
:105090000201d1008180d3000080d3008502e800a6
:1050a000fbff3a000b00e000a9023b00600010008b
:1050b000e0801800a6023700f0ff2f00f1ff270064
:1050c0000b00e000a2023b000100280000002000cd
:1050d0009f0237006000b8009d023700020ab90045
:1050e000001bb9000200b8008100420081004300ab
:1050f000000006008c9fbe008a9fbe00889fbe00f5
:10510000ca0107000bf0a200040037008c9fbe000c
:105110008a9fbe00889fbe00c40107000c48e100c2
:105120000b003a000c40e100020032008b01070046
:10513000400037008b066d003e0032000af0a100ef
:10514000f3012000f2ff2f006110b9003900370091
:105150000c40e100370032000940e1000100360058
:105160007e0107008a856d00cf5dde000b057500ae
:105170000006eb008804fd008904540001003200a1
:105180007d0107000a04e00011003a000800e00079
:1051900028003200040040008580480006014900d4
:1051a000878149000358a300180032008301d10011
:1051b0000281d3008180d3000080d3000c86d3000d
:1051c00001003900610676000804e8001800370085
:1051d000040050008580580006015900878159005d
:1051e000060031000af0a2000c06ea006000180078
:1051f000e080180060011900e081190003003a0006
:105200000004eb000005eb000a0037000348a30090
:1052100007003a000c064600000048008180480064
:1052200002014900838149000804e900f7ff3700c3
:10523000af013700c90137008c9fbe008a9fbe00b6
:10524000889fbe00790107000b056d000940e10051
:105250000a003a000800e000020032000c40e100c1
:1052600006003a000af0a1000c047800f3012000c7
:10527000f2ff2f006110b9009d0037000c40e100e3
:105280009b0032000800e000990032000c48e10069
:1052900002003a000004eb00030037000900e000c0
:1052a00004003a000c0478006000b8006011b800f7
:1052b0008f0037000348a30006003a0000004000ba
:1052c0008180480002014900838149000804e90007
:1052d000f8ff37000748a30006003a000402420026
:1052e00085824a0006034b0087834b008904e9004e
:1052f000f8ff3700fd3f20008d845400090454005e
:105300008a1f7800881f78000004780081047800e4
:1053100002057800830578006000b8006011b800cd
:105320000d042000050037000804440089844c0067
:105330000a054d008b854d0008003100040454001f
:1053400085845c0006055d0087855d008381d20051
:105350008d06d300f4ff3b0007003700040444002f
:1053600085844c0006054d0087854d008381d20061
:105370008d06d300ecff3b000804440089844c00f8
:105380000a054d008b854d000800310004045400cf
:1053900085845c0006055d0087855d000281d20082
:1053a0008d06d300f4ff3b000700370004044400df
:1053b00085844c0006054d0087854d000281d20092
:1053c0008d06d300ecff3b000804440089844c00a8
:1053d0000a054d008b854d0008003100040454007f
:1053e00085845c0006055d0087855d008180d200b4
:1053f0008d06d300f4ff3b0007003700040444008f
:1054000085844c0006054d0087854d008180d200c3
:105410008d06d300ecff3b000804440089844c0057
:105420000a054d008b854d0008003100040454002e
:1054300085845c0006055d0087855d000080d200e4
:105440008d06d300f4ff3b0007003700040444003e
:1054500085844c0006054d0087854d000080d200f4
:105460008d06d300ecff3b000b00e00004003d0084
:105470000404440085844c0006054d0087854d00da
:105480000006eb008301d1000281d3008180d300ac
:105490000080d3000c86d3008301d1000281d300a9
:1054a0008180d3000080d3000c86d300890474006f
:1054b0008b0575008b847400010032006106760054
:1054c0004f0478004f0578000348a30007003a0016
:1054d0000c06460000004800818048000201490097
:1054e000838149000804e900f7ff37000001370015
:1054f0001a0137008c9fbe008a9fbe00889fbe00a5
:10550000ca0007000b056d008a0578000c40e10019
:1055100008003a000900e00082003a000af0a10009
:105520000c047800f3012000f2ff2f006110b90095
:105530007c0037000c48e10004003a0087000700b7
:105540000900e00077003a00f4ff37000800e000af
:10555000740032000900e00002003a007f000700fa
:1055600070003700ed3f20008d8454000904440092
:105570008a1f7800881f7800871f7800861f7800b0
:10558000851f7800841f7800cb19dd00c515de006b
:105590008b8571004b11dd00450dde000a057100a1
:1055a000cb08dd00c504de00898470004b04dd00fb
:1055b0000440b8000546b8008c80400060814e0071
:1055c000044eb8008c8040000d0149008001eb00c2
:1055d0000318ad000456b8000c0141008d8149004c
:1055e0000002eb000420ad000646b8000c014100ab
:1055f0008d81490060024a00054eb8000c0141004f
:105600008d81490060024a000556b8008c81410036
:105610000d024a008002eb000528ad000746b800e5
:105620008c8141000d024a00e0824a00064eb8001b
:105630008c8141000d024a00e0824a004f0678004a
:105640000c5eb8008c8141000d024a00e0824a00e5
:105650000656b8000c0242008d824a000003eb009f
:105660000630ad00074eb8000c0242008d824a00a1
:1056700060034b004f0678000c5eb8000c0242003d
:105680008d824a0060034b000756b8008c824200ae
:105690000d034b008003eb000738ad004f06780088
:1056a0000c5eb8008c8242000d034b00e0834b007f
:1056b0004f0678000c5eb8000c0343008d834b004e
:1056c0004f0478004f0578000748a3000a003a000d
:1056d00000004000818048000201490083814900a8
:1056e00004024a0085824a0006034b0087834b0070
:1056f0000804e900f4ff370003067800808070009a
:105700008280700001003200610676008701780017
:10571000060178008500780004007800880478008d
:10572000780037008d0037008c06460002003a00f2
:105730000000a6000000060060004800e08048006d
:1057400060014900e08149000350a6000000060006
:105750008301d1000804e800000006000002fd00fb
:105760008102fd000203fd008303fd008804fd00ab
:105770008a05fd00000006007048e1001a003900ab
:105780007d0320000d48e1000a003900810570000a
:10579000830671008c8575008d8575000006eb0011
:1057a0000cd8e700610676006000b8006011b80010
:1057b000000006007048e1000b0039008c057800fd
:1057c000000678000100780082007800030178006c
:1057d0008001eb0003d8e70061067600f0845400f6
:1057e000f4ff3a00000006006160e1000c48ad00e3
:1057f000f08514008b06dd000966de000d067600dc
:105800008b0edd000900de000d0070008b16dd0040
:105810008908de008d8070008b1edd000911de001e
:105820000d0171008919de00000006000d0028003e
:10583000fc7f20000d856100441cde00ef816100cb
:105840000c046400010032000340a0008d85630059
:10585000c43cde00ef8363008c84640001003200ee
:105860000740a0000c40e10006003a00ef8661000e
:10587000828676008186760080867600010032007e
:10588000180037000c48e10007003a00ef8663007b
:105890008686760085867600848676000200320051
:1058a000aeff07000f0037000348a30005003a00d1
:1058b00081067000828676008386760001003200c1
:1058c0000804e8000748a30005003a0085067200b6
:1058d0008686760087867600010032008904e8001b
:1058e00000000600cf047800cf0578001b003700c9
:1058f00000027800810278000203780083037800b8
:10590000880478000cf0a70087ff0700fd7f2000c7
:105910000d40e100040035000d0478006000b8007f
:105920006011b8000d0037000800e0000b003c00db
:10593000040078008500780006017800870178006f
:10594000e18414008cff07000cf0a70076ff07002d
:105950000004eb000340a7000804e8004444dd0015
:105960006fc56100880175004f04be004f05be0081
:105970004f06be0000000600889fbe008a9fbe0042
:105980008c9fbe000404be000605be00809fbe00c2
:10599000829fbe0021000700040678000800be00b8
:1059a0000a01be001d000700840678004f03be00f8
:1059b0004f02be008d4f76007fb09700130033007a
:1059c000f0ff2f008b8f6b0006003b000d0666007a
:1059d0000c00a7000a00370007f0a6001000200006
:1059e0000a003700880f5200898f5a008a0f5b0027
:1059f0008b8f5b00030039001000200001003e0087
:105a00000000200007f0a7000000ea004f06be00db
:105a10004f05be004f04be000000060005ff270032
:105a200005826100070032000428e1000100320015
:105a3000240005000600070001003a0044000500ac
:105a40000408050002000700f9ff3a0014000500f1
:105a50006f82610081027000850271008502720010
:105a600000000600800078005002be005003be0017
:105a70004439de00f700b200f37f2000030161002b
:105a8000090032000218e10016003a008501720098
:105a900083017300838173000008200015003a0021
:105aa000400020001300370085017200830173005d
:105ab0008381730005003a0004a8be0006a8be005a
:105ac000100020000b0037000201e9000402420030
:105ad00085824a0006034b0087834b000748a300da
:105ae000f9ff32000740a00004a8be0006a8be00cf
:105af000200020008000980092009800000006001e
:105b0000680447000294be000094be00fc044700f5
:105b10008694be008494be0009007800d1ff07007f
:105b200008007800cfff070099007800814f7000cf
:105b30000b003b000800be000a0007004f00b10048
:105b400003003700f3ff2700f2ff2f006110b900b8
:105b50004f06be004f05be004f04be000080fa0095
:105b600000000600e48240001078a3000700320025
:105b7000640240001178a3003400be001401be008e
:105b8000040032000330a700000006003500be000c
:105b90001501be000330a000000006001800fa0046
:105ba000889fbe008a9fbe008c1f78000004be0044
:105bb0000205be000802be000a03be00443ade0031
:105bc000f07f20000006620020432000800f560076
:105bd00067003c006022b8006033b8000800be00d7
:105be000e9fc07000000e000610032000802be008e
:105bf0000a03be00b4b79f00c5b79f00d6b79f0089
:105c0000e7b79f00e00f5200e08f5a00e00f5b0003
:105c1000e08f5b000b003d006022b8000600200012
:105c2000073324000800be000a01be0031fd070052
:105c30006022b800060020000733240033fd07006f
:105c40000a0037006022b800060020000733240055
:105c50000800be000a01be002cfd07006022b8004b
:105c6000060020000733240022fd07000802be00c2
:105c70000a03be001ffd07000002be000203be00b3
:105c8000f4b79f0085bf9f0096bf9f00a7bf9f00ee
:105c9000e03f2000800f560017003c007fb09700c7
:105ca0008fb897001fb99700afb99700f0af9f006a
:105cb00081b79f0092b79f00a3b79f006044b800d0
:105cc0006055b8003fb29700cfb297005fb397001e
:105cd000efb39700e00f5200e08f5a00e00f5b0037
:105ce000e08f5b0022003d006044b8000a00200005
:105cf0000bff2b001e0037006022b8006033b80095
:105d00007fb097008fb897001fb99700afb9970081
:105d1000a2fc07000000e0000c0034007fb29700f6
:105d20008fba97001fbb9700afbb97000800be005b
:105d30000a01be00f5fc07006022b8000600200042
:105d400007ff2300ebfc0700070037007fb2970036
:105d50008fba97001fbb9700afbb97000800be002b
:105d60000a01be00e9fc07000004be000205be00f7
:105d70000800be000a01be004f0678004f05be00b5
:0c5d80004f04be000080fa000000060086
:020000040000fa
:105d8c00526900006365000076750000746f0000b6
:105d9c00206300006f6d0000616e0000646f0000f6
:105dac00205b0000257800005d20000050610000a1
:105dbc00796c00006f610000645b000025730000cb
:105dcc005d2000006c7500006e67000068650000c7
:105ddc007a7a0000612000005b250000755d0000f0
:105dec00206400006120000047570000204c000098
:105dfc006f720000610d00000a000000436f00008c
:105e0c006d6100006e6400006f20000043680000ac
:105e1c006975000073750000726100002074000049
:105e2c007574000074650000206c00006520000093
:105e3c00766100006c7600006f6c0000650d000050
:105e4c000a00000064650000636f000064650000d8
:105e5c005f700000617900006c6f000061640000ed
:105e6c00206300006f6d00006d6100006e64000027
:105e7c00205b0000257800005d20000064610000bc
:105e8c0074610000206d0000697300006d610000fa
:105e9c0074630000682000005b250000735d000047
:105eac000d0a0000004300006f6d0000616e0000e1
:105ebc00646f0000206300006869000075730000c7
:105ecc007572000061200000766100006c760000a5
:105edc006f6c0000612000005b250000755d000008
:105eec0020720000657000006c7900003d5b0000c2
:105efc00257800005d2000000d0a00000043000022
:105f0c006f6d0000616e0000646f000020450000a2
:105f1c006e610000626c0000652f00006469000077
:105f2c0073610000626c000065200000424c0000b0
:105f3c004520000028410000302900000d0a000017
:105f4c0000640000656300006f640000655f000082
:105f5c0070610000796c00006f610000642000002b
:105f6c00636f00006d6d0000616e00006420000026
:105f7c005b250000755d000020640000617400006a
:105f8c00612000006d690000736d000061740000f9
:105f9c0063680000212100000d0a0000004200008f
:105fac004c450000204500006e610000626c000052
:105fbc00653d0000256400000d0a00000050000043
:105fcc00726f000063650000737300006f200000a7
:105fdc00636f00006d6100006e6400006f200000b4
:105fec0053450000545f0000414400005220000063
:105ffc002830000078380000422900000d0a00000b
:10600c0000440000454600005f410000445200007f
:10601c005f4f00004e0000006d6100006320000027
:10602c0073650000742000006164000072200000a1
:10603c006f6e000000440000454600005f41000008
:10604c00445200005f4f000046460000006d000007
:10605c006163000020730000657400002061000083
:10606c0064720000206f00006666000000250000ce
:10607c006c750000006d000061630000207300006f
:10608c006176000065000000507200006f63000034
:10609c0065730000736f0000206300006f6d0000db
:1060ac00616e0000646f0000204300006f6e000002
:1060bc0066690000726d000065640000206d0000d0
:1060cc0065730000736100006765000020630000c9
:1060dc00796300006c650000202800003078000017
:1060ec0038410000290d00000a0000002532000094
:1060fc002e32000075000000507200006f6300002b
:10610c0065730000736f0000206300006f6d00006a
:10611c00616e0000646f0000204500006e6400009a
:10612c006e6f00006465000020770000616b00005a
:10613c00652000007570000020630000796300008a
:10614c006c6500002028000038320000290d00008a
:10615c000a000000536500006e6400002049000036
:10616c006e74000065720000766100006c3d0000ea
:10617c00257500000d0a000000500000726f000031
:10618c0063650000737300006f200000636f0000f4
:10619c006d6100006e6400006f200000456e000011
:1061ac00646e00006f6400006520000074650000e0
:1061bc0073740000206100006c610000726d0000bf
:1061cc0020630000796300006c650000202800004b
:1061dc003078000038340000290d00000a0000005f
:1061ec002575000000500000726f00006365000010
:1061fc00737300006f200000636f00006d6100007e
:10620c006e6400006f200000416c000061720000a1
:10621c006d200000656e0000616200006c6500007e
:10622c002f64000069730000616200006c6500005f
:10623c00202800003078000038360000290d0000be
:10624c000a000000507200006f63000065730000cc
:10625c00736f0000206300006f6d0000616e000022
:10626c00646f00002072000065730000657400000c
:10627c00206300006f7500006e74000065720000f2
:10628c00202800003078000038380000290d00006c
:10629c000a000000416c00006c610000726d00008f
:1062ac006520000043610000626c00006520000066
:1062bc0043750000742000004174000074690000f4
:1062cc00766f00000d0a0000004100006c6c0000ad
:1062dc00617200006d6500002043000061620000e7
:1062ec006c6500002043000075740000204e000017
:1062fc006f6e00002041000074740000697600008d
:10630c006f0d00000a000000416c00006c61000081
:10631c00726d000065200000537000006f72000069
:10632c00746500006c6c00006f200000417400006c
:10633c0074690000766f00000d0a00000041000037
:10634c006c6c0000617200006d6500002053000051
:10635c00706f000072740000656c00006c6f0000c0
:10636c00204e00006f6e000020410000747400008d
:10637c00697600006f0d00000a000000466f0000f7
:10638c00727a00006f200000696e000076690000d0
:10639c006f2000004c6f0000726100002070000044
:1063ac0065720000206100006c6c000061720000de
:1063bc006d650000206d00006f64000069660000d0
:1063cc0069630000617400006f0d00000a0000009a
:1063dc0045450000505200004f4d00002057000072
:1063ec005249000054450000204100004444000084
:1063fc00523a00005b250000645d00002c20000078
:10640c00566100006c750000653d00005b250000c6
:10641c00645d00000d0a0000004e00006163000086
:10642c006b65000064000000454500005052000000
:10643c004f4d000020520000454100004420000058
:10644c0041440000445200003a5b00002564000007
:10645c005d2c000020560000616c0000756500008a
:10646c003d5b0000256400005d0d00000a0000008b
:10647c0045450000505200004f4d000020410000e7
:10648c0044440000522000004e4f000054200000f5
:10649c00504f00004c4c0000454400000d0a000019
:1064ac0000310000435f0000503200003452000005
:1064bc0032560000312e0000302e0000355f0000f7
:1064cc003135000030360000323600000046000046
:1064dc005720000050690000632000005665000042
:1064ec00723a000020250000730d00000a00000025
:1064fc002d2d00002d2d00002d2d00002d50000005
:10650c0061720000616d000065740000726900002a
:10651c002052000061640000696f00002d2d000006
:10652c002d2d00002d2d00002d0d00000a00000067
:10653c00444500005549000020410000444400003f
:10654c00523a000020250000730d00000a000000e4
:10655c00444100004444000052200000414400002b
:10656c00445200003a200000257300000d0a000080
:10657c0000410000505000004b450000593a00000b
:10658c0020250000730d00000a0000004e5700008b
:10659c004b5300004b450000593a000020250000e9
:1065ac00730d00000a000000415000005053000021
:1065bc004b450000593a000020250000730d0000e7
:1065cc000a000000415000005045000055490000f1
:1065dc002041000044440000523a000020250000f5
:1065ec00730d00000a00000041640000617000009f
:1065fc00746900007665000020440000617400009e
:10660c006120000052610000746500003a20000017
:10661c00257300000d0a0000005000006f7200008e
:10662c00743a000020250000730d00000a000000e1
:10663c0041620000700000004f74000061610000b6
:10664c00004e000045540000574f0000524b000014
:10665c00204a00004f4900004e3a0000202500005f
:10666c00730d00000a000000485700002045000090
:10667c00554900003a200000257300000d0a000067
:10668c00004e000065740000776f0000726b000014
:10669c0020490000443a000020250000730d000042
:1066ac000a000000507700007220000056610000c4
:1066bc006c750000653a000020250000730d000089
:1066cc000a00000052650000747200006965000049
:1066dc00733a000020250000730d00000a00000032
:1066ec00455400005349000020440000757400001c
:1066fc007920000043790000636c0000653a0000cb
:10670c0020250000730d00000a0000004452000018
:10671c0020560000616c0000756500003a200000f6
:10672c00257300000d0a0000002d00002d2d000027
:10673c002d2d00002d2d0000506100007261000015
:10674c006d65000074720000692000004465000053
:10675c0076690000636500002d2d00002d2d0000d2
:10676c002d2d00002d0d00000a00000053650000c7
:10677c006e640000204900006e7400006572000019
:10678c00766100006c200000287300006563000037
:10679c00293a0000202500006c7500000d0a00004d
:1067ac0000430000415000002054000068720000bb
:1067bc00202800006d560000293a0000202500001a
:1067cc00750d00000a0000004e7500006d200000e1
:1067dc00636f0000756e000074650000727300003a
:1067ec003a200000256400000d0a0000004e000055
:1067fc00756d000020760000616c0000766500006d
:10680c00733a000020250000640d00000a0000000f
:10681c004d6900006e560000646400004261000087
:10682c00743a000020250000750d00000a000000dd
:10683c00416c0000617200006d200000426100009c
:10684c00743a000020250000750d00000a000000bd
:10685c00426900007374000061620000696c000002
:10686c00650000004d6f0000746f0000726900003d
:10687c007a7a00006174000061000000566100002b
:10688c006c760000652000007479000070650000d3
:10689c003a200000257300000d0a000000430000a0
:1068ac00616200006c6500002043000075740000fc
:1068bc00206400006973000061620000696c0000d4
:1068cc0069740000617400006f2c0000204100000e
:1068dc006c6c0000617200006d65000020530000bc
:1068ec00706f000072740000656c00006c6f00002b
:1068fc00206400006973000061620000696c000094
:10690c0069740000617400006f0d00000a00000043
:10691c0043610000626c00006520000043750000bc
:10692c00742000006469000073610000626900005b
:10693c006c69000074610000746f00002c20000072
:10694c00416c00006c610000726d0000652000005d
:10695c00537000006f720000746500006c6c0000d6
:10696c006f20000061620000696c00006974000017
:10697c00617400006f0d00000a000000436100000c
:10698c00626c00006520000043750000742000005c
:10699c0061620000696c00006974000061740000a1
:1069ac006f2c0000204100006c6c00006172000034
:1069bc006d65000020530000706f000072740000c1
:1069cc00656c00006c6f00002064000069730000af
:1069dc0061620000696c0000697400006174000061
:1069ec006f0d00000a00000043610000626c0000a3
:1069fc0065200000437500007420000061620000f7
:106a0c00696c000069740000617400006f2c000058
:106a1c00204100006c6c0000617200006d6500008c
:106a2c0020530000706f000072740000656c000051
:106a3c006c6f000020610000626900006c6900004e
:106a4c0074610000746f00000d0a00000045000026
:106a5c00727200006f720000652000004c6500002f
:106a6c007474000075720000612000004162000027
:106a7c00696c000069740000617a0000696f0000a5
:106a8c006e650000206100006c6c000061720000fb
:106a9c006d69000020430000616200006c6500001d
:106aac002063000075740000202d000020530000ae
:106abc00706f000072740000656c00006c6f000059
:106acc000d0a0000004f00006e0000004f66000031
:106adc0066000000414400004320000025730000c4
:106aec000d0a000000410000444300002044000057
:106afc00656c000061790000202800006d730000b7
:106b0c00293a000020250000750d00000a00000045
:106b1c00566100006c760000657300002053000085
:106b2c00746100007475000073200000546500004f
:106b3c00737400003a200000257300000d0a000059
:106b4c0000530000656e0000736f0000727300004c
:106b5c0020630000796300006c65000020280000b1
:106b6c0073650000632900003a20000025750000c1
:106b7c000d0a000000430000464d0000204d0000af
:106b8c005347000020430000594c000045200000f2
:106b9c003a200000257500000d0a0000004100009d
:106bac006c610000726d00007320000043680000ef
:106bbc00656300006b200000696e000074650000c6
:106bcc0072760000616c00002028000073650000e4
:106bdc00632900003a200000257500000d0a000012
:106bec0000560000616c0000766500002073000008
:106bfc00746100007475000073200000696e000061
:106c0c007465000072760000616c000020280000a2
:106c1c0073650000632900003a2000002575000010
:106c2c000d0a0000004300006f6d0000706c000046
:106c3c00657400006520000050610000796c000054
:106c4c006f6100006420000063790000636c000039
:106c5c00652000002873000065630000293a0000dd
:106c6c0020250000750d00000a00000042540000b1
:106c7c004c4500003a200000257300000d0a00006e
:106c8c0000430000464d0000204d0000534700001b
:106c9c003a200000257500000d0a0000004d000090
:106cac004f5400004f520000204400005552000089
:106cbc0041540000494f00004e3a000020250000ce
:106ccc007520000073650000636f00006e640000a7
:106cdc00690d00000a000000507500006c73000084
:106cec00656400007572000061740000696f00003b
:106cfc006e3a000020250000752000006d69000030
:106d0c006c6c00006973000065630000730d00007b
:106d1c000a00000024250000752c0000302c000017
:106d2c00302c0000302c0000302c0000302c0000e7
:106d3c00302c0000302300000024000025750000da
:106d4c002c3000002c3000002c3000002c300000c7
:106d5c002c3000002c3000002c3000002c300000b7
:106d6c002c3000002c3000002c3000002c300000a7
:106d7c002c3000002c3000002c3000002c30000097
:106d8c002c3000002c3000002c3000002c30000087
:106d9c002c3000002c3000002300000024330000b5
:106dac00302c0000257300002c250000752c0000f1
:106dbc00257500002c250000752c000025750000a1
:106dcc002c250000752c0000257500002c250000da
:106ddc007523000000240000333300002c31000028
:106dec00303000002c310000303000002c3100001d
:106dfc00303000002c310000303000002c3100000d
:106e0c00303000002c310000303000002c310000fc
:106e1c00303000002c310000303000002c310000ec
:106e2c00303000002c310000303000002c310000dc
:106e3c00303000002c310000303000002300000006
:106e4c004e2e0000442e0000002d000031320000b8
:106e5c003800000073660000313200000031000081
:106e6c0032350000003100000024000025750000c0
:106e7c002c4e00004f4b0000230000005265000018
:106e8c00706c0000793a00005b250000735d000017
:106e9c000d0a0000004c00004f5200004120000081
:106eac005245000053450000542000004b4f000099
:106ebc0021210000210d00000a000000434f0000ba
:106ecc004d4100004e4400004f2000005052000085
:106edc004f470000200d00000a000000434f000047
:106eec004d4100004e4400004f200000434900007b
:106efc00434c000049430000412000000d0a0000f3
:106f0c0000240000257500002c4f00004b230000ce
:106f1c00004200004c45000020500000494e00008b
:106f2c0020250000752c0000257500002c25000084
:106f3c00752c0000257500000d0a000000420000b1
:106f4c004c4500002041000050500000202500005e
:106f5c00752c0000257500002c250000752c0000f8
:106f6c00257500000d0a0000006d00006163000033
:106f7c002074000078200000756e0000636e000025
:106f8c00662000003120000030300000303000005e
:106f9c0030300000006d00006163000020740000c0
:106fac0078200000756e0000636e00006620000003
:106fbc0025750000200000006d61000063200000ba
:106fcc0074780000207500006e6300006e6600008f
:106fdc0020310000200000006d61000063200000e3
:106fec0074780000207500006e6300006e6600006f
:106ffc002032000035350000200000004c6f0000ee
:10700c0072610000206f000075740000206f00009a
:10701c0066200000536c00006565000070200000c5
:10702c004f4b00000d0a0000004c00006f72000076
:10703c00612000006f750000742000006f66000076
:10704c00205300006c65000065700000204b0000b0
:10705c004f0d00000a0000006d610000632000006d
:10706c006765000074200000646e0000637400000b
:10707c0072000000466f0000756e00006420000076
:10708c004d53000047200000696e00002064000092
:10709c006f7700006e6c0000696e00006b3d0000a5
:1070ac005b2500006c7500005d0d00000a000000ff
:1070bc006d61000063200000676500007420000013
:1070cc00646e0000637400007220000045520000e2
:1070dc00524f0000520d00000a0000006d610000cc
:1070ec0063200000666f00007263000065450000bd
:1070fc004e410000424c0000450000006d61000054
:10710c0063200000666f000072630000654500009c
:10711c004e410000424c000045200000455200004a
:10712c00524f0000520d00000a0000006d6100007b
:10713c0063200000666f000072630000654500006c
:10714c004e410000424c0000452000004f4b000017
:10715c000d0a000000520000455300004554000089
:10716c00204c00004f5200004120000062650000de
:10717c00666f00007265000020530000656e000011
:10718c00642000004d730000672e000020430000b7
:10719c006f6e000073650000637500007469000079
:1071ac0076650000205200006573000065740000d5
:1071bc00203d0000205b0000256400005d0d0000f8
:1071cc000a00000045720000726f00007269000036
:1071dc00206300006f6e0000736500006375000093
:1071ec0074690000766900002020000054780000cb
:1071fc003d5b0000256400005d0d00000a000000ee
:10720c0045720000726f000072690000206300007c
:10721c006f6e0000736500006375000074690000f8
:10722c0076690000202000004d6f0000647500009e
:10723c006c6f00003d5b0000256400005d0d0000dc
:10724c000a0000004e6f000072650000706c0000b8
:10725c0079200000636f00006e730000656300000e
:10726c007574000069760000692000004d6f000005
:10727c00647500006c6f00003d5b0000256400002d
:10728c005d0d00000a000000496e000069740000ea
:10729c005f4c00006f720000615f00004d6f0000da
:1072ac00647500006c650000204f00004b0d000061
:1072bc000a000000496e0000697400005f4c000079
:1072cc006f720000615f00004d6f0000647500007c
:1072dc006c650000204b00004f0d00000a00000000
:1072ec004a6f0000696e00005f4700006174000087
:1072fc006577000061790000204f00004b0d000005
:10730c000a0000004a6f0000696e00005f47000031
:10731c00617400006577000061790000204b00006b
:10732c004f0d00000a0000005245000053450000bc
:10733c00542000004c4f0000524100002066000019
:10734c006f72000020450000786300006565000046
:10735c00642000004d410000585f00004e520000b8
:10736c004f5f0000545800005f450000525200006f
:10737c004f5200002e200000436f00006e7300007f
:10738c0065630000757400006976000065200000dc
:10739c005265000073650000742000003d20000061
:1073ac005b250000645d00000d0a00000052000027
:1073bc004553000045540000204c00004f52000083
:1073cc0041200000666f000072200000457800002c
:1073dc006365000065640000204d0000415800000a
:1073ec005f4e0000524f00005f4e00004f5f0000e8
:1073fc0052450000504c0000595f000045520000ff
:10740c00524f0000522e0000204300006f6e00000f
:10741c0073650000637500007469000076650000f8
:10742c00205200006573000065740000203d0000d0
:10743c00205b0000256400005d0d00000a000000c8
:10744c0054780000204f00004b0d00000a00000093
:10745c0054780000204f00004b2e000020520000fa
:10746c00656300006569000076650000642000001b
:10747c00646f0000776e00006c6900006e6b00009a
:10748c003d5b0000257300005d0d00000a0000004c
:10749c0054780000204b00004f2000003a420000be
:1074ac0055530000590d00000a00000054780000ec
:1074bc00204b00004f2000003a4c00004f520000bf
:1074cc00415f0000494e0000564100004c4900004d
:1074dc00445f00004c4500004e470000485400003b
:1074ec000d0a000000540000782000004b4f0000f3
:1074fc00203a00004c4f0000524100005f49000050
:10750c004e560000414c0000494400005f4300000f
:10751c004c410000535300000d0a000000540000c1
:10752c00782000004b4f0000203a00004c4f000028
:10753c00524100005f4900004e560000414c0000d3
:10754c00494400005f50000041520000414d0000d2
:10755c000d0a000000540000782000004b4f000082
:10756c00203a00004c4f0000524100005f460000e2
:10757c00524100004d4500005f4300004f55000094
:10758c004e540000455200005f450000525200006e
:10759c000d0a000000540000782000004b4f000042
:1075ac00203a00004c4f0000524100005f4b00009d
:1075bc0045590000535f00004e4f0000545f00001f
:1075cc00494e0000495400000d0a00000054000010
:1075dc00782000004b4f0000203a00004c4f000078
:1075ec00524100005f4d0000414300005f5000001d
:1075fc004155000053450000440d00000a000000f6
:10760c0054780000204b00004f2000003a4c000042
:10761c004f520000415f00004d5500004c540000db
:10762c004943000041530000545f00004b450000eb
:10763c00595300005f450000525200000d0a000033
:10764c0000540000782000004b4f0000203a00004e
:10765c004c4f0000524100005f4e00004f5f000095
:10766c0046520000454500005f430000480d0000f5
:10767c000a00000054780000204b00004f2000004e
:10768c003a4c00004f520000415f00004a4f00008e
:10769c00494e00005f450000525200000d0a0000e8
:1076ac0000540000782000004b4f0000203a0000ee
:1076bc004c4f0000524100005f530000494c000049
:1076cc00454e0000545f000045520000520d000072
:1076dc000a00000054780000204b00004f200000ee
:1076ec003a4c00004f520000415f0000474500003b
:1076fc004e450000524100004c5f00004552000016
:10770c00520d00000a00000054780000204b0000cd
:10771c004f2000003a4c00004f520000415f000027
:10772c004d410000435f000045520000520d000027
:10773c000a00000054780000204b00004f2000008d
:10774c003a4c00004f520000415f000054490000c9
:10775c004d4500004f550000545f0000455200009d
:10776c00520d00000a00000054780000204b00006d
:10777c004f2000003a4c00004f520000415f0000c7
:10778c00554e00004b4e00004f5700004e5f00005e
:10779c0045520000520d00000a000000426100003a
:1077ac007474000065720000696100003d5b0000ac
:1077bc00256400005d0d00000a0000005245000029
:1077cc0053450000542000004c4f00005241000073
:1077dc0020620000656600006f72000065200000ea
:1077ec00536c0000656500007020000052650000bd
:1077fc0073650000742000003d2000005b25000034
:10780c00645d00000d0a00000052000045530000aa
:10781c0045540000204c00004f5200004120000055
:10782c00466f000072200000576100006b6500007d
:10783c007570000020450000727200006f7200002d
:10784c00204300006f6e000073650000637500003c
:10785c00746900007665000020520000657300001a
:10786c0065740000203d0000205b000025640000d2
:10787c005d0d00000a0000004c4f0000524100005a
:10788c00205200004553000045540000204f0000da
:10789c004b0d00000a0000005465000073740000da
:1078ac005f480000575f00007363000068650000cc
:1078bc00646100003a2000004e6f0000742000004c
:1078cc00696d0000706c0000656d0000656e000055
:1078dc00746500006420000079650000740d0000e0
:1078ec000a000000566f00006c7400006167000015
:1078fc00652000004f4b00000d0a0000002d000019
:10790c002d2d00002d2d00002d2d00002d2d000003
:10791c002d2d00002d2d00002d2d00002d2d0000f3
:10792c002d2d00002d2d00002d2d00002d2d0000e3
:10793c002d2d00002d2d00002d2d00002d0d0000f3
:10794c000a0000002d2000002020000053540000ed
:10795c00415200005420000020250000732000003c
:10796c00202000002d0d00000a000000566f0000c2
:10797c006c74000061670000652000004b4f000034
:10798c000d0a000044650000766900006365000084
:10799c0020530000746f00007070000065640000dc
:1079ac000d0a0000004c0000617300007420000000
:1079bc0052650000737400006172000074200000b6
:1079cc006361000075730000653d00005b250000dd
:1079dc00645d000020250000730d00000a0000000b
:1079ec00475f000042610000747400006572000083
:1079fc00795f00004c650000766500006c5f00004c
:107a0c00746d0000702800003132000062690000c3
:107a1c00742900003d5b0000257500005d2000000e
:107a2c00426100007474000065720000795f000010
:107a3c004c650000766500006c3d00005b25000085
:107a4c00645d0000200d00000a0000004368000087
:107a5c00656300006b5f0000496e000069740000f4
:107a6c005f45000045700000726f00006d20000043
:107a7c004f4b00000d0a0000004300006865000039
:107a8c00636b00005f4900006e690000745f0000ca
:107a9c0045450000707200006f6d0000204b000027
:107aac004f0d00000a000000454500005052000038
:107abc004f4d0000204e00004f54000020460000a7
:107acc004f5500004e4400000d0a00000045000018
:107adc0045500000524f00004d2000004441000072
:107aec00544100003a0d00000a000000436f0000f2
:107afc006e740000617400006f720000652000005d
:107b0c003d5b0000256c0000755d00000d0a000057
:107b1c00005700006169000074200000436f0000f2
:107b2c006e660000696700002f540000657300004a
:107b3c00742000006d6f0000646500002c200000b4
:107b4c0028310000352000007365000063730000cd
:107b5c002e2900000d0a000000540000696d000081
:107b6c00652000006f75000074200000436f00005a
:107b7c006e660000696700002f54000065730000fa
:107b8c00742000006d6f0000646500000d0a000099
:107b9c00004300006f6e000066690000677500000e
:107bac0072610000746900006f6e0000206d0000af
:107bbc006f64000065200000284f00002074000056
:107bcc006f2000006578000069740000290d00002a
:107bdc000a000000456e000064200000436f0000a6
:107bec006e66000069670000206d00006f64000085
:107bfc00650d00000a00000054650000737400005d
:107c0c002048000057200000284f0000207400007e
:107c1c006f2000006578000069740000290d0000d9
:107c2c000a0000005265000073650000742000001b
:107c3c004d6f0000647500006c6f0000204c00005c
:107c4c006f720000612000004b4f00000d0a000015
:107c5c00005200006573000065740000204d0000a8
:107c6c006f640000756c00006f2000004c6f00000a
:107c7c0072610000204f00004b0d00000a00000054
:107c8c0073790000732000007265000073650000ba
:107c9c0074000000436f00006e660000696700000e
:107cac0075720000617a0000696f00006e6500005b
:107cbc0020540000657200006d6900006e610000c8
:107ccc0074610000202d0000204400006576000047
:107cdc0069630000652000004174000074690000b5
:107cec00766f00000d0a0000004500006e74000065
:107cfc00726f0000206900006e200000736f00009e
:107d0c0073700000656e0000736900006f6e0000f8
:107d1c00650d00000a000000486100006c6c00005a
:107d2c002053000063610000747400006174000053
:107d3c006f0d00000a00000045730000636f000027
:107d4c002064000061200000736f0000737000005d
:107d5c00656e0000736900006f6e0000650d000019
:107d6c000a000000436f00006e7400006174000094
:107d7c006f72000065200000536300006174000006
:107d8c0074610000746f0000212000006e7500000b
:107d9c006f7600006f200000766100006c6f0000b1
:107dac0072650000205b0000256c0000755d000012
:107dbc00200d00000a000000537000006f720000dc
:107dcc00746500006c6c00006f20000053630000b1
:107ddc006174000074610000746f0000200d0000dd
:107dec000a00000043610000626c0000655f000047
:107dfc006375000074200000536300006174000080
:107e0c0074610000746f0000200d00000a00000077
:107e1c004f70000065720000617a0000696f00000d
:107e2c006e6900002074000072610000205b00008d
:107e3c00256c0000755d0000207300006563000078
:107e4c006f6e0000646900000d0a00000045000020
:107e5c00727200006f7200006520000064690000ff
:107e6c0020540000582f00006c6900006e6b00005d
:107e7c002f6900006e690000742000004c6f000038
:107e8c0072610000206f000020730000757000000c
:107e9c0065720000617400006f2000004d4100000d
:107eac005820000052450000534500005453000078
:107ebc00204c00004f520000412c0000206e0000ae
:107ecc006f6e000020720000657300006574000086
:107edc00746f000020540000504c00000d0a00008c
:107eec0000250000303200002e320000753a0000f0
:107efc0025300000322e0000327500003a250000bb
:107f0c00303200002e320000753a000020250000af
:107f1c00303200002e320000752f0000253000009a
:107f2c00322e0000327500002f2500003032000088
:107f3c002e320000750d00000a0000004e65000096
:107f4c0073730000756e0000204500007272000013
:107f5c006f720000650d00000a00000050720000f6
:107f6c00696d00006f20000045720000726f000008
:107f7c0072650000204400006f7000006f2000004c
:107f8c004d73000067200000652000005072000057
:107f9c00696d00006120000064690000204c000045
:107fac006f720000615300006c650000657000008a
:107fbc000d0a000000500000726900006d6f000097
:107fcc0020450000727200006f72000065200000f6
:107fdc0070720000696d000061200000646900008f
:107fec00204d0000736700000d0a000000500000d7
:107ffc00726900006d6f0000204500007272000075
:10800c006f72000065200000646f0000706f00004c
:10801c00204900006e690000745f00004c6f000086
:10802c00726100005f4d00006f640000756c000011
:10803c00650d00000a00000050720000696d000020
:10804c006f20000045720000726f00007265000026
:10805c00206400006f7000006f2000004a6f000069
:10806c00696e00005f4700006174000065770000d6
:10807c00617900000d0a0000002f00002f2f000076
:10808c002f2f00002f2f00002f2f00002f2f00006c
:10809c002f2f00002f2f00002f2f00002f2f00005c
:1080ac002f4c0000657400007475000072610000b4
:1080bc0020410000444300000d0a00000044000071
:1080cc006f7000006f2000004c650000747400009d
:1080dc00757200006120000041440000430d000057
:1080ec000a0000004c6500007474000075720000fa
:1080fc006120000041440000433d00002575000054
:10810c000d0a0000006400006f7700006e6c000028
:10811c00696e00006b3d00005b250000735d000084
:10812c000d0a0000004700005f7200006170000043
:10813c00696400005f6d0000736700003d5b000028
:10814c00256400005d0d00000a000000726500004f
:10815c00616400005f65000065700000726f0000d4
:10816c006d3a000020450000727200006f72000032
:10817c0065200000696e0000206c00006574000032
:10818c0074750000726100002061000064640000de
:10819c00723a00005b250000645d00000d0a0000cf
:1081ac000077000072690000746500005f650000d4
:1081bc0065700000726f00006d3a000020450000f1
:1081cc00727200006f72000065200000696e000082
:1081dc002073000063720000697400007475000065
:1081ec00726100002061000064640000723a0000bb
:1081fc005b250000645d00002c200000766100000f
:10820c006c3d00005b250000645d00000d0a000061
:10821c000065000065700000726f00006d5f00006b
:10822c007772000069740000655f0000616e0000e9
:10823c00645f000063680000656300006b20000051
:10824c0045450000707200006f6d00005265000023
:10825c006164000020450000525200004f520000a3
:10826c000d0a00000065000065700000726f0000d0
:10827c006d5f00007772000069740000655f00009c
:10828c00616e0000645f00006368000065630000bd
:10829c006b3a000020520000616700006769000023
:1082ac00756e0000746f0000206900006c200000e7
:1082bc006e7500006d650000726f0000206d00008f
:1082cc0061730000736900006d6f00002064000092
:1082dc0069200000746500006e7400006174000079
:1082ec006976000069200000736500006e7a00005a
:1082fc00612000007375000063630000657300006b
:10830c00736f00000d0a000000410000542b0000a8
:10831c00534500004e440000494e000054450000f7
:10832c0052560000414c00003d200000202000006f
:10833c0020200000200000000000000000000000d1
:10834c000000000000410000542b000053450000c9
:10835c004e440000494e00005445000052560000a7
:10836c00414c00003d3f0000202000002020000078
:10837c0020000000000000000000000000000000d1
:10838c0000410000542b000043410000504d000000
:10839c00563d00003f20000020200000202000005f
:1083ac002009000020200000000000000000000058
:1083bc000000000000000000000000000041000070
:1083cc00542b000043410000504d0000563d00006e
:1083dc002020000020200000202000002020000091
:1083ec0020200000202000002000000000000000e1
:1083fc00000000000000000000410000542b0000b1
:10840c00505500004c5300004544000055520000ec
:10841c0041540000494f00004e3d00003f20000039
:10842c0020200000200000000000000000000000e0
:10843c000000000000410000542b000050550000cb
:10844c004c530000454400005552000041540000bc
:10845c00494f00004e3d000020200000202000006d
:10846c0020000000000000000000000000000000e0
:10847c0000410000542b00004d4f0000544f0000f1
:10848c00524400005552000041540000494f000076
:10849c004e3d00003f200000202000002000000086
:1084ac00000000000000000000000000004100007f
:1084bc00542b00004d4f0000544f0000524400005c
:1084cc005552000041540000494f00004e3d000041
:1084dc0020200000202000002000000000000000f0
:1084ec00000000000000000000410000542b0000c0
:1084fc0041440000523d00003f20000020200000bd
:10850c002020000020090000202000002020000076
:10851c00202000000000000000000000000000000f
:10852c000000000000410000542b000041440000fa
:10853c00523d0000202000002020000020200000e0
:10854c00202000002020000020200000202000001f
:10855c0020000000000000000000000000000000ef
:10856c0000410000542b0000564100004c56000006
:10857c004554000059500000453d00003f200000cc
:10858c0020200000202000002020000020000000ff
:10859c00000000000000000000000000004100008e
:1085ac00542b0000564100004c560000455400006e
:1085bc0059500000453d0000202000002020000004
:1085cc0020200000202000002000000000000000ff
:1085dc00000000000000000000410000542b0000cf
:1085ec004144000043440000454c00004159000048
:1085fc003d3f000020200000202000002020000033
:10860c0020200000200000000000000000000000fe
:10861c000000000000410000542b00004144000009
:10862c0043440000454c0000415900003d2000002f
:10863c00202000002020000020200000202000002e
:10864c0020000000000000000000000000000000fe
:10865c0000410000542b0000444500005549000027
:10866c003d3f0000202000002020000020200000c2
:10867c000920000020200000202000002000000025
:10868c00000000000000000000000000004100009d
:10869c00542b000044450000554900003d200000cb
:1086ac0020200000202000002020000020200000be
:1086bc00202000002020000020000000000000000e
:1086cc00000000000000000000410000542b0000de
:1086dc004441000044440000523d00003f20000093
:1086ec002020000020200000200900002020000095
:1086fc00000000000000000000000000000000006e
:10870c000000000000410000542b00004441000018
:10871c0044440000523d00002020000020200000b6
:10872c00202000002020000020200000202000003d
:10873c00200000000000000000000000000000000d
:10874c0000410000542b000041500000504b000031
:10875c00455900003d3f0000202000002020000073
:10876c002020000009200000200000000000000074
:10877c0000000000000000000000000000410000ac
:10878c00542b000041500000504b00004559000094
:10879c003d200000202000002020000020200000b0
:1087ac00202000002020000020000000000000001d
:1087bc00000000000000000000410000542b0000ed
:1087cc004e5700004b5300004b450000593d000034
:1087dc003f20000020200000202000002009000085
:1087ec00202000000000000000000000000000003d
:1087fc000000000000410000542b00004e57000008
:10880c004b5300004b450000593d00002020000058
:10881c00202000002020000020200000202000004c
:10882c00200000000000000000000000000000001c
:10883c0000410000542b0000415000005053000038
:10884c004b450000593d00003f2000002020000057
:10885c002020000020090000202000000000000063
:10886c0000000000000000000000000000410000bb
:10887c00542b000041500000505300004b450000a9
:10888c00593d000020200000202000002020000086
:10889c00202000002020000020000000000000002c
:1088ac00000000000000000000410000542b0000fc
:1088bc004150000050450000554900003d3f00006c
:1088cc0020200000202000002020000009200000b3
:1088dc00200000000000000000000000000000006c
:1088ec000000000000410000542b0000415000002b
:1088fc0050450000554900003d200000202000009c
:10890c00202000002020000020200000202000005b
:10891c00200000000000000000000000000000002b
:10892c0000410000542b00004e5500004d43000048
:10893c004f5500004e54000045520000533d0000be
:10894c003f2000002020000020200000200000001c
:10895c0000000000000000000000000000410000ca
:10896c00542b00004e5500004d4300004f550000a5
:10897c004e54000045520000533d000020200000e2
:10898c00202000002020000020000000000000003b
:10899c00000000000000000000410000542b00000b
:1089ac004e5500004d560000414c0000564500004d
:1089bc00533d00003f20000020200000202000003c
:1089cc00202000002000000000000000000000003b
:1089dc000000000000410000542b00004e55000028
:1089ec004d560000414c000056450000533d000020
:1089fc00202000002020000020200000202000006b
:108a0c00200000000000000000000000000000003a
:108a1c0000410000542b0000564100004c56000051
:108a2c00455300005441000054550000533d0000d4
:108a3c003f2000002020000020200000200000002b
:108a4c0000000000000000000000000000410000d9
:108a5c00542b0000564100004c56000045530000ba
:108a6c005441000054550000533d000020200000ec
:108a7c00202000002020000020000000000000004a
:108a8c00000000000000000000410000542b00001a
:108a9c0043410000424c0000454300005554000087
:108aac003d3f00002020000020200000202000007e
:108abc000920000020000000000000000000000061
:108acc000000000000410000542b00004341000056
:108adc00424c000045430000555400003d2000006e
:108aec00202000002020000020200000202000007a
:108afc00200000000000000000000000000000004a
:108b0c0000410000542b000041440000434f000082
:108b1c004e3d00003f2000002020000020200000df
:108b2c002020000020200000202000002000000059
:108b3c0000000000000000000000000000410000e8
:108b4c00542b000041440000434f00004e3d0000f8
:108b5c002020000020200000202000002020000009
:108b6c002020000020200000200000000000000059
:108b7c00000000000000000000410000542b000029
:108b8c004d4900004e560000444400004241000094
:108b9c00543d00003f200000202000002020000059
:108bac002020000020000000000000000000000059
:108bbc000000000000410000542b00004d49000053
:108bcc004e5600004444000042410000543d000059
:108bdc002020000020200000202000002020000089
:108bec002000000000000000000000000000000059
:108bfc0000410000542b0000414c00004152000089
:108c0c004d420000415400003d3f00002020000078
:108c1c002020000020200000202000002000000068
:108c2c0000000000000000000000000000410000f7
:108c3c00542b0000414c0000415200004d420000fa
:108c4c00415400003d2000002020000020200000a6
:108c5c002020000020200000200000000000000068
:108c6c00000000000000000000410000542b000038
:108c7c00524500005452000049450000533d00008d
:108c8c003f200000202000002020000020200000b9
:108c9c002020000020000000000000000000000068
:108cac000000000000410000542b00005245000061
:108cbc005452000049450000533d000020200000a4
:108ccc002020000020200000202000002020000098
:108cdc002000000000000000000000000000000068
:108cec0000410000542b00004e5700004b4900007f
:108cfc00443d00003f200000202000002020000008
:108d0c0020090000202000000000000000000000ee
:108d1c000000000000000000000000000041000006
:108d2c00542b00004e5700004b490000443d0000fe
:108d3c002020000020200000202000002020000027
:108d4c002020000020200000200000000000000077
:108d5c00000000000000000000410000542b000047
:108d6c005644000044420000415400003d3f0000c6
:108d7c0020200000202000002020000009200000fe
:108d8c0020000000000000000000000000000000b7
:108d9c000000000000410000542b0000564400006d
:108dac0044420000415400003d20000020200000ff
:108dbc0020200000202000002020000020200000a7
:108dcc002000000000000000000000000000000077
:108ddc0000410000542b0000504f00005254000082
:108dec003d3f00002020000020200000202000003b
:108dfc002020000020200000202000002000000087
:108e0c000000000000000000000000000041000015
:108e1c00542b0000504f0000525400003d20000025
:108e2c002020000020200000202000002020000036
:108e3c002020000020200000200000000000000086
:108e4c00000000000000000000410000542b000056
:108e5c0044430000533d00003f2000002020000050
:108e6c00202000002009000020200000202000000d
:108e7c0020200000000000000000000000000000a6
:108e8c000000000000410000542b0000444300008f
:108e9c00533d000020200000202000002020000076
:108eac0020200000202000002020000020200000b6
:108ebc002000000000000000000000000000000086
:108ecc0000410000542b00004e4a00004d3d0000b4
:108edc003f20000020200000202000002020000067
:108eec002020000020200000202000002000000096
:108efc000000000000000000000000000041000025
:108f0c00542b00004e4a00004d3d00002020000074
:108f1c002020000020200000202000002020000045
:108f2c002020000020200000200000000000000095
:108f3c00000000000000000000410000542b000065
:108f4c00434600004d3d00003f2000002020000063
:108f5c002020000020200000202000002020000005
:108f6c002020000020000000000000000000000095
:108f7c000000000000410000542b0000434600009c
:108f8c004d3d00002020000020200000202000008b
:108f9c0020200000202000002020000020200000c5
:108fac002000000000000000000000000000000095
:108fbc0000410000542b000043590000434c0000ba
:108fcc00453d00003f200000202000002020000034
:108fdc00200900002020000000000000000000001c
:108fec000000000000000000000000000041000034
:108ffc00542b000043590000434c0000453d000039
:10900c002020000020200000202000002020000054
:10901c0020200000202000002000000000000000a4
:10902c00000000000000000000410000542b000074
:10903c004857000045550000493d00003f20000006
:10904c00202000002020000020200000200900002b
:10905c0020200000000000000000000000000000c4
:10906c000000000000410000542b00004857000095
:10907c0045550000493d0000202000002020000044
:10908c00202000002009000020200000000000002b
:10909c0000000000000000000000000000000000c4
:1090ac0000410000542b0000414c000041520000d4
:1090bc004d5300005f430000594300004c45000035
:1090cc003d3f0000200900002020000000000000af
:1090dc000000000000000000000000000041000043
:1090ec00542b0000414c0000415200004d53000035
:1090fc005f430000594300004c4500003d20000038
:10910c0020200000202000000000000000000000d3
:10911c00000000000000000000410000542b000083
:10912c00564100004c5600004553000054410000cd
:10913c005455000053430000594300004c450000b7
:10914c003d3f000020000000000000000000000077
:10915c000000000000410000542b000056410000ac
:10916c004c5600004553000054410000545500007b
:10917c0053430000594300004c4500003d200000c3
:10918c0020000000000000000000000000000000b3
:10919c0000410000542b000050410000594c0000cd
:1091ac004f41000044430000594300004c4500006f
:1091bc003d3f00002020000009200000200000009e
:1091cc000000000000000000000000000041000052
:1091dc00542b000050410000594c00004f4100003e
:1091ec0044430000594300004c4500003d20000062
:1091fc0020200000202000002000000000000000c3
:10920c00000000000000000000410000542b000092
:10921c00425400004c4500003d3f0000202000005f
:10922c000920000020090000092000002000000097
:10923c000000000000000000000000000000000022
:10924c000000000000410000542b000042540000bc
:10925c004c4500003d200000202000002020000094
:10926c0020200000202000002020000020200000f2
:10927c0020000000000000000000000000000000c2
:10928c0000410000542b0000445200003d3f000000
:10929c002020000009200000200900000920000007
:1092ac002000000000000000000000000000000092
:1092bc000000000000000000000000000041000061
:1092cc00542b0000445200003d20000020200000e0
:1092dc002020000020200000202000002020000082
:1092ec0020200000202000002000000000000000d2
:1092fc00000000000000000000410000542b0000a2
:10930c0050570000523d00003f2000002009000093
:10931c0020200000090900002020000000000000af
:10932c000000000000000000000000000000000031
:10933c000000000000410000542b000050570000ba
:10934c00523d0000202000002020000020200000c2
:10935c002020000020200000202000002020000001
:10936c0020000000000000000000000000000000d1
:10937c0000410000542b0000434600004d43000008
:10938c00594c0000453d00003f2000002009000022
:10939c002020000009200000200000000000000038
:1093ac000000000000000000000000000041000070
:1093bc00542b0000434600004d430000594c000064
:1093cc00453d00002020000020200000202000004f
:1093dc0020200000202000002000000000000000e1
:1093ec00000000000000000000410000542b0000b1
:1093fc00465700005645000052530000494f0000ec
:10940c004e3d00003f2000002009000020200000fd
:10941c000000000000000000000000000000000040
:10942c000000000000410000542b000046570000d3
:10943c005645000052530000494f00004e3d0000bd
:10944c002020000020200000202000002020000010
:10945c0020000000000000000000000000000000e0
:10946c0000450000525200004f52000020570000ef
:10947c0052490000544500002045000045500000b2
:10948c00524f00004d200000616400006472000027
:10949c003d250000642c000020760000616c00006b
:1094ac00756500003d250000640d00000a000000f9
:1094bc00617a00007a650000726100006d65000041
:1094cc006e7400006f2000006e7500006d6500006a
:1094dc00726f0000207400006f740000616c00005b
:1094ec006520000073630000726900007474000052
:1094fc0075720000650d00000a0000007363000027
:10950c0072690000766f00002044000045460000a0
:10951c005f460000575600004552000053490000ba
:10952c004f4e000050490000430d00000a0000009f
:10953c00314300005f500000323400005232000012
:10954c00563100002e3000002e3500005f31000037
:10955c003530000036320000360000007363000026
:10956c0072690000766f0000204400004546000040
:10957c005f530000454e0000444900004e5400006b
:10958c0045520000564100004c0d00000a0000003e
:10959c00303000003132000030300000303000003c
:1095ac000073000063720000697600006f200000f9
:1095bc0043410000504d0000565f0000570d000065
:1095cc000a0000003136000030300000300000008e
:1095dc007363000072690000766f00002050000079
:1095ec00554c00005345000044550000524100000a
:1095fc00544900004f4e00005f5700000d0a000058
:10960c000038000030000000736300007269000035
:10961c00766f000020440000454600005f4d0000be
:10962c004f5400004f5200004455000052410000be
:10963c00544900004f4e00005f540000494d00009b
:10964c00450d00000a000000736300007269000001
:10965c00766f000020440000454600005f4100008a
:10966c00445200000d0a000000310000007300009d
:10967c0063720000697600006f2000004445000012
:10968c00465f0000564100004c5600004554000057
:10969c0059500000450d00000a0000003000000089
:1096ac007363000072690000766f000020440000b4
:1096bc00454600005f410000444300004445000063
:1096cc004c410000590d00000a000000353000002c
:1096dc00300000007363000072690000766f0000b8
:1096ec00204300004f4e0000535400005f44000024
:1096fc004556000045550000490d00000a000000c9
:10970c0035310000323300003435000036370000ac
:10971c0038420000303000003030000030300000a3
:10972c000073000063720000697600006f20000077
:10973c00434f00004e530000545f000044450000ae
:10974c005641000044440000520d00000a00000085
:10975c003842000030300000303000003030000063
:10976c000073000063720000697600006f20000037
:10977c00434f00004e530000545f00004150000066
:10978c00505300004b450000590d00000a0000002a
:10979c003031000032330000343500003637000021
:1097ac0038390000414200004344000045460000a7
:1097bc003031000032330000343500003637000001
:1097cc003839000041420000434400004546000087
:1097dc000073000063720000697600006f200000c7
:1097ec00434f00004e530000545f000041500000f6
:1097fc0050450000554900000d0a000000360000dd
:10980c0036350000353400003433000033320000ac
:10981c0032310000314100004142000042000000a2
:10982c007363000072690000766f0000204f000027
:10983c0054410000415f0000434f00004e530000b4
:10984c00545f000041500000504b0000455900008f
:10985c000d0a0000007300006372000069760000be
:10986c006f200000434f00004e530000545f000077
:10987c004e5700004b5300004b450000590d0000a3
:10988c000a0000007363000072690000766f00002c
:10989c0020440000454600005f4e0000434f00008e
:1098ac00554e000054450000525300000d0a0000b4
:1098bc000073000063720000697600006f200000e6
:1098cc0044450000465f00004e5500004d56000018
:1098dc00414c000056450000530d00000a000000ea
:1098ec007363000072690000766f00002044000072
:1098fc00454600005f560000414c000056450000f4
:10990c005354000041540000555300000d0a000050
:10991c000073000063720000697600006f20000085
:10992c0044450000465f000043410000424c0000eb
:10993c0045430000555400000d0a00000073000060
:10994c0063720000697600006f200000444500003f
:10995c00465f000041440000434500004e410000ba
:10996c00424c0000450d00000a000000736300002b
:10997c0072690000766f000020560000444400001d
:10998c0042410000540d00000a0000003238000073
:10999c003030000000730000637200006976000034
:1099ac006f2000004d4900004e560000444400005a
:1099bc0042410000540d00000a000000323000004b
:1099cc003030000000730000637200006976000004
:1099dc006f200000414c0000415200004d4200003d
:1099ec00415400000d0a0000007300006372000077
:1099fc00697600006f20000044450000465f0000bf
:109a0c004e5500004d5200004554000052490000d4
:109a1c00455300000d0a00000032000000730000e6
:109a2c0063720000697600006f2000004e57000042
:109a3c004b490000440d00000a00000031330000c7
:109a4c000073000063720000697600006f20000054
:109a5c00504f0000525400005f5700000d0a0000e8
:109a6c000030000030310000007300006372000011
:109a7c00697600006f20000044450000465f00003e
:109a8c0043590000434c0000450d00000a00000043
:109a9c007363000072690000766f000020440000c0
:109aac00435300000d0a00000073000063720000b5
:109abc00697600006f2000004e45000054570000ee
:109acc004f5200004b5f00004a4f0000494e00000f
:109adc005f54000059500000450d00000a000000c2
:109aec007363000072690000766f00002044000070
:109afc00454600005f4300004f4e00004649000001
:109b0c00524d0000454400005f4d000053470000db
:109b1c000d0a0000007300006372000069760000fb
:109b2c006f2000004857000045550000490d00000b
:109b3c000a0000007363000072690000766f000079
:109b4c0020440000454600005f4100004c410000ed
:109b5c00524d0000535f000043590000434c00007d
:109b6c00450d00000a0000003030000030310000cc
:109b7c0036300000303000000073000063720000cb
:109b8c00697600006f20000044450000465f00002d
:109b9c00564100004c560000455300005441000053
:109bac005455000053430000594300004c4500003d
:109bbc000d0a00000030000030330000303000008f
:109bcc003030000030000000736300007269000048
:109bdc00766f000020440000454600005f500000f6
:109bec00415900004c4f0000414400004359000013
:109bfc00434c0000450d00000a000000303000000e
:109c0c000073000063720000697600006f20000092
:109c1c0044450000465f0000425400004c450000e3
:109c2c005f4500004e410000424c0000450d000015
:109c3c000a0000007363000072690000766f000078
:109c4c0020440000454600005f440000525f0000c5
:109c5c00564100004c550000450d00000a00000064
:109c6c007363000072690000766f000020440000ee
:109c7c00454600005f500000575200005f56000040
:109c8c00414c0000554500000d0a00000031000059
:109c9c00350000007363000072690000766f0000ed
:109cac0020440000454600005f4300004f4e00007a
:109cbc00464d0000534700005f430000594300002d
:109ccc004c4500000d0a0000007300006372000098
:109cdc00697600006f2000004c65000020430000f6
:109cec00484900004156000049200000454500004d
:109cfc00505200004f4d00000d0a000000450000be
:109d0c00727200006f72000069200000696e000022
:109d1c00204900006e690000745f0000454500009a
:109d2c00505200004f4d00000d0a0000006d000065
:109d3c006163000020730000657400002064000063
:109d4c00657600006575000069200000006d00005c
:109d5c006163000020730000657400002064000043
:109d6c006576000061640000647200002000000051
:109d7c006d6100006320000073650000742000001a
:109d8c0061700000706b000065790000200000001d
:109d9c006d610000632000007365000074200000fa
:109dac006e7700006b7300006b650000792000007b
:109dbc00006d0000616300002073000065740000fa
:109dcc002061000070700000736b0000657900006a
:109ddc00200000006d61000063200000736500002e
:109dec00742000006170000070650000756900004f
:109dfc00200000006d61000063200000736500000e
:109e0c0074200000726500007478000020000000cf
:109e1c006d61000063200000736500007420000079
:109e2c006472000020000000726100006469000090
:109e3c006f20000073650000742000007077000034
:109e4c007220000000530000657200006961000080
:109e5c006c200000726500006365000069760000ec
:109e6c00656400003a2000005b250000735d000073
:109e7c000d0a0000004300006f6e000066690000d0
:109e8c00672000006d6f0000646500002025000055
:109e9c00730d00000a0000004f4b0000005400003e
:109eac00696d0000656f0000757400000d0a0000fc
:109ebc0000250000730d00000a0000004552000050
:109ecc00524f000052200000004500006e7400004c
:109edc0065720000696e000067200000436f00008f
:109eec006e66000069670000206d00006f64000062
:109efc00650d00000a0000004f4b00000d0a000029
:109f0c0000000000696e0000766100006c690000c2
:109f1c00645f000070610000726100006d00000061
:109f2c006e6f00005f66000072650000655f0000e8
:109f3c0063680000006e00006f7400005f6a000030
:109f4c006f6900006e65000064000000667200001e
:109f5c00616d0000655f0000636f0000756e0000ae
:109f6c0074650000725f000065720000725f000093
:109f7c00726500006a6f0000696e00005f6e000081
:109f8c0065650000646500006400000073690000f2
:109f9c006c6500006e7400000062000075730000b8
:109fac00790000006d610000635f000070610000cb
:109fbc007573000065640000006900006e76000097
:109fcc00616c0000696400005f6400006174000053
:109fdc00615f00006c6500006e000000696e00009f
:109fec00766100006c690000645f0000636c000027
:109ffc0061730000730000006d7500006c7400004c
:10a00c006963000061730000745f00006b65000001
:10a01c00797300005f6e00006f7400005f730000c6
:10a02c00657400000065000072720000006400009e
:10a03c00656e000069650000640000006d61000041
:10a04c00635f0000657200007200000088cf0000a2
:10a05c000400000096cf000009000000a1cf000012
:10a06c000a000000accf000005000000cccf0000bf
:10a07c000b000000d3cf000001000000d8cf00007f
:10a08c0007000000e3cf000002000000f4cf000046
:10a09c000300000002d000000800000019d00000ee
:10a0ac000c0000001dd000001100000024d00000a6
:10a0bc000d000000496400006c6500000000000009
:10a0cc000000000000000000000000000000000084
:10a0dc000000000000000000000000000000000074
:10a0ec000000000000000000000000000000000064
:10a0fc000000000000000000000000000000000054
:10a10c000000000000000000000000000000000043
:10a11c000000000054720000616e0000736d0000be
:10a12c0069730000736900006f6e0000206f0000ff
:10a13c00636300006f750000726900006e670000b9
:10a14c000000000000000000000000000000000003
:10a15c0000000000000000000000000000000000f3
:10a16c0000000000000000000000000000000000e3
:10a17c000000000042650000666f00007265000080
:10a18c002074000068650000206f000070650000fe
:10a19c006e6900006e670000206f000066200000f2
:10a1ac0072650000636500006976000065200000a0
:10a1bc00776900006e6400006f77000020310000aa
:10a1cc000000000000000000000000000000000083
:10a1dc000000000052650000636500006976000015
:10a1ec0065200000776900006e6400006f77000046
:10a1fc002031000020690000732000006f70000007
:10a20c00656e00000000000000000000000000006f
:10a21c000000000000000000000000000000000032
:10a22c000000000000000000000000000000000022
:10a23c0000000000426500007477000065650000b6
:10a24c006e200000726500006365000069760000f6
:10a25c0065200000776900006e6400006f770000d5
:10a26c0020310000206100006e64000020720000ac
:10a27c0065630000656900007665000020770000ca
:10a28c00696e0000646f000077200000320000004f
:10a29c000000000052650000636500006976000054
:10a2ac0065200000776900006e6400006f77000085
:10a2bc002032000020690000732000006f70000045
:10a2cc00656e0000000000000000000000000000af
:10a2dc000000000000000000000000000000000072
:10a2ec000000000000000000000000000000000062
:10a2fc00000000005278000020440000656c000053
:10a30c006179000000000000000000000000000067
:10a31c000000000000000000000000000000000031
:10a32c000000000000000000000000000000000021
:10a33c000000000000000000000000000000000011
:10a34c000000000000000000000000000000000001
:10a35c000000000041620000702000004465000015
:10a36c006c6100007900000000000000000000009b
:10a37c0000000000000000000000000000000000d1
:10a38c0000000000000000000000000000000000c1
:10a39c0000000000000000000000000000000000b1
:10a3ac0000000000000000000000000000000000a1
:10a3bc0000000000436c000061730000732000007b
:10a3cc004320000072780000322000003120000091
:10a3dc006f700000656e00000000000000000000bf
:10a3ec000000000000000000000000000000000061
:10a3fc000000000000000000000000000000000051
:10a40c000000000000000000000000000000000040
:10a41c0000000000436c000061730000732000001a
:10a42c00432000007278000032200000322000002f
:10a43c006f700000656e000000000000000000005e
:10a44c000000000000000000000000000000000000
:10a45c0000000000000000000000000000000000f0
:10a46c0000000000000000000000000000000000e0
:10a47c00000000004c6f0000726100005f73000070
:10a48c00656e0000645f00004d73000067200000e3
:10a49c00756e000065780000706500006374000044
:10a4ac00656400002072000065730000706f00008e
:10a4bc006e730000653a00005b250000735d0000c0
:10a4cc000d0a0000006d00006163000020670000b1
:10a4dc006574000020730000746100007475000046
:10a4ec00730000004c4f0000524100003a20000065
:10a4fc006d6100006320000067650000742000009f
:10a50c007374000061740000757300002043000038
:10a51c006f6400006520000025750000205b0000c2
:10a52c00257300005d0d00000a0000004c4f000078
:10a53c00524100003a2000006d61000063200000d1
:10a54c0067650000742000007374000061740000e3
:10a55c0075730000204e00004f540000204900008d
:10a56c00444c000045210000204300006f640000b3
:10a57c006520000025750000205b0000257300009d
:10a58c005d0d00000a0000007379000073200000cc
:10a59c00736c00006565000070200000323500000f
:10a5ac003932000030300000303000003030000014
:10a5bc0000250000313300002e3100003373000001
:10a5cc000048000061720000642000004c6f000025
:10a5dc007261000020520000657300006574000079
:10a5ec00204f00004b200000465700003a2000008e
:10a5fc005b250000735d00000d0a000000480000a0
:10a60c0061720000642000004c6f00007261000059
:10a61c00205200006573000065740000204b0000a0
:10a62c004f0d00000a000000536500006e7400001e
:10a63c003a2000005b250000735d000020520000f2
:10a64c00656300006569000076650000643a0000ef
:10a65c005b250000735d00000d0a0000006900001e
:10a66c006e760000616c0000696400005f70000091
:10a67c0061720000616d0000006f00006b00000053
:10a68c007379000073200000736c00006565000096
:10a69c0070000000737900007320000067650000f3
:10a6ac007420000076650000720000005365000005
:10a6bc006e6400003a2000005b250000735d000012
:10a6cc000d0a0000006d0000616300005f74000063
:10a6dc00785f00006f6b0000006100006363000096
:10a6ec006570000074650000640000006d6100007e
:10a6fc00635f000072780000200000006d610000b4
:10a70c00632000006765000074200000646e000088
:10a71c006374000072000000737900007320000065
:10a72c006765000074200000687700006575000004
:10a73c00690000006d61000063200000666f00007e
:10a74c0072630000654500004e410000424c000061
:10a75c00450000003430000030300000006d000077
:10a76c00616300002073000065740000207200001b
:10a77c0078640000656c00006179000031200000f5
:10a78c002573000000300000303000003030000035
:10a79c0030300000300000006d61000063200000cc
:10a7ac007365000074200000646500007661000091
:10a7bc00646400007220000025730000003000006b
:10a7cc0030300000303000003030000030300000fd
:10a7dc0030300000303000003030000030300000ed
:10a7ec0030300000303000003030000030300000dd
:10a7fc0030300000303000003030000030000000fd
:10a80c006d6100006320000073650000742000007f
:10a81c006e7700006b7300006b6500007920000000
:10a82c0025730000006d00006163000020730000c0
:10a83c00657400002061000070700000736b0000f4
:10a84c006579000020250000730000006d61000098
:10a85c006320000073650000742000007379000011
:10a86c006e63000020330000340000006d610000b6
:10a87c0063200000736500007420000072780000f3
:10a88c00322000003020000038360000393500003e
:10a89c003235000030300000300000006d610000e7
:10a8ac0063200000676500007420000072780000cf
:10a8bc003220000038360000380000006d610000c6
:10a8cc0063200000676500007420000072780000af
:10a8dc00646500006c61000079310000006d0000bf
:10a8ec0061630000206700006574000020720000a6
:10a8fc0078640000656c0000617900003200000093
:10a90c006d6100006320000073650000742000007e
:10a91c0061640000722000006f6e0000006d00008a
:10a92c00616300002073000065740000206100006a
:10a93c0064720000206f0000666600000072000068
:10a94c0061640000696f00002073000065740000f2
:10a95c002073000066200000736600003130000098
:10a96c00006d00006163000020730000657400003e
:10a97c00206300006820000064630000796300001d
:10a98c006c6500002030000020390000006d0000d4
:10a99c0061630000207300006574000020630000f8
:10a9ac006820000064630000796300006c6500009f
:10a9bc002031000020390000006d000061630000b0
:10a9cc002073000065740000206300006820000004
:10a9dc0064630000796300006c65000020320000a5
:10a9ec0020390000006d000061630000207300003e
:10a9fc0061760000650000006d61000063200000be
:10aa0c006a6f0000696e0000206100006270000037
:10aa1c00000000006d610000632000006a6f000000
:10aa2c00696e0000206f000074610000610000007e
:10aa3c00506f000077650000722d00006f6e0000f3
:10aa4c0020520000657300006574000000000000d7
:10aa5c0000000000000000000000000000000000ea
:10aa6c0000000000000000000000000000000000da
:10aa7c0000000000000000000000000000000000ca
:10aa8c00000000000000000000420000726f000097
:10aa9c00776e00002d6f00007574000020520000ce
:10aaac0065730000657400000000000000000000e9
:10aabc00000000000000000000000000000000008a
:10aacc00000000000000000000000000000000007a
:10aadc00000000000000000000000000000000006a
:10aaec0000000000576100007463000068640000ff
:10aafc006f67000020540000696d00006572000053
:10ab0c002052000065730000657400000000000016
:10ab1c000000000000000000000000000000000029
:10ab2c000000000000000000000000000000000019
:10ab3c0000000000000000000000000000530000b6
:10ab4c006f660000747700006172000065200000e1
:10ab5c0052650000736500007400000000000000e6
:10ab6c0000000000000000000000000000000000d9
:10ab7c0000000000000000000000000000000000c9
:10ab8c0000000000000000000000000000000000b9
:10ab9c0000000000000000004d4300004c5200007b
:10abac00202800004578000074650000726e0000db
:10abbc00616c000020520000657300006574000099
:10abcc002900000000000000000000000000000050
:10abdc000000000000000000000000000000000069
:10abec000000000000000000000000000000000059
:10abfc00005400007261000070200000436f0000e0
:10ac0c006e6600006c690000637400002052000046
:10ac1c006573000065740000000000000000000077
:10ac2c000000000000000000000000000000000018
:10ac3c000000000000000000000000000000000008
:10ac4c00000000000000000000000000496c000043
:10ac5c006c650000676100006c2000004f70000004
:10ac6c00636f000064650000206f0000722000001c
:10ac7c00556e0000696e0000697400006961000087
:10ac8c006c6900007a650000642000005720000009
:10ac9c005265000067690000737400006572000063
:10acac0000000000004300006f6e000066690000a9
:10acbc006775000072610000746900006f6e00001f
:10accc00205700006f720000642000004d690000e6
:10acdc00736d0000617400006368000000000000e8
:10acec000000000000000000000000000000000058
:10acfc000000000000000000000000000000000048
:10ad0c004361000075730000612000007363000054
:10ad1c006f6e00006f7300006369000075740000b3
:10ad2c0061000000000000000000000000000000b6
:10ad3c000000000000000000000000000000000007
:10ad4c0000000000000000000000000000000000f7
:10ad5c000000000000000000000000004641000060
:10ad6c00544100004c3a0000202000002025000037
:10ad7c007300000045520000524f0000523a000090
:10ad8c002020000020250000730000005741000027
:10ad9c00524e0000494e0000473a000020250000aa
:10adac0073000000494e0000464f00003a2000009e
:10adbc002020000020250000730000004445000006
:10adcc0042550000473a00002020000020250000da
:10addc00730000005452000041430000453a00004b
:10adec0020200000202500007300000025730000c7
:10adfc0000440000656300006f64000065200000e3
:10ae0c006d730000672000005b250000735d00007f
:10ae1c000d0a000000240000393900002300000056
:10ae2c0072650000706c000079200000746f0000e7
:10ae3c0020700000696e0000204d00005347000098
:10ae4c00205b0000257300005d0d00000a0000006f
:10ae5c00243f00002c4e00004f4b0000230000004c
:08ae6c00256c000075000000d8
:020000040000fa
:10ae74000000fa004016210011c0b3000148780018
:10ae8400c015210010407800e4404000c0152100a6
:10ae940001487800c015210090407800b0c3b30089
:10aea40080cf500007003600c01521008040eb0021
:10aeb40001487800771807002016210011c0b3005c
:10aec4000148780040c8bf000004e0001e003a00ba
:10aed4006040800071408000e00f5000e08f580017
:10aee4000600320060408000714080006100500024
:10aef400e08058006040880071408800c0408000b5
:10af04000000e00003003200c04080000000e900bf
:10af1400c0408800908a80000000e00003003200f6
:10af2400908a80000000e900908a88002044800014
:10af34000000e00005003200204480000000e90029
:10af44002044880001003700000000000080fa005f
:10af5400000006000000fa008016210011c0b300b2
:10af6400014878000080fa00000006000000fa00a2
:10af740040c8bf000004e00006003a00d0122100df
:10af8400104078000004e000030032001828ef00ad
:10af940001003700000000000080fa0000000600f5
:10afa4000000fa0040c8bf000004e0000a003a00b4
:10afb4005016210011c0b300014878008040800081
:10afc4009140800061004000e0804800804088009b
:10afd4009140880001003700000000000080fa0062
:10afe400000006001c00fa00400f9800510f980062
:10aff4000040eb00604798000040eb00004f7800f1
:10b0040010c0b300104798006000b80040079800d3
:10b01400510798006000b800600798007107980015
:10b024006000b800000f9800110f98000040eb007a
:10b03400204798000040eb00405798000040eb0088
:10b04400505798000060fe00f333070021c0b3009e
:10b054004e089000eb2d0700604798005e089000b2
:10b06400ee40900001487800ee40900042802000bd
:10b0740001497800010037001e4fe8001e80fb00e4
:10b08400ce08900000804000104078000004e000ea
:10b0940004003200b0c3b3009e40780080cf50005b
:10b0a400f5ff36009e80fb006e4090000080fb00a0
:10b0b400811f78004e099000821f7800801f78005d
:10b0c40060ec2a00801f780080c0b300be31070006
:10b0d400e8875700418020009140780000c8b30001
:10b0e40000c060000004e00099003a0004c8bf00fa
:10b0f400624060000004e0001300320040f02a00c7
:10b10400801f780060c0b300af3107008f87e9006b
:10b1140000c8b30022e8b7000040eb0030479800b5
:10b12400030037003e4090000040e800304798009c
:10b13400f0122100904078003e40900080cf5000f3
:10b14400f8ff3e00e10337002040800061406000ca
:10b15400c200dd00204080004500de006140600048
:10b164000040400080c04000204080004400de00d9
:10b174006140600000c040006057980004c8bf00f0
:10b184000044b2000004e0005d0032006e50900004
:10b194000080fb004400dd00004078000004a000b3
:10b1a40022e8b70020c0b300104798001e80fb00bf
:10b1b400e60f500013003200e60f500005003c007b
:10b1c400e20f5000b6033200e40f500006003200d4
:10b1d4003e003700ea0f500011003200ee0f50001d
:10b1e4001c003200390037004e0890000080e8004f
:10b1f40021c0b300832d0700400798005107980031
:10b20400b20337004e0890000080e80041c0b3004c
:10b214007c2d07004007980051079800ab033700c6
:10b224004e0890000080e80041c0b300752d07006f
:10b2340040079800510798004e08900066004000af
:10b2440041c0b3006f2d0700600798007107980094
:10b254009e0337004e0890000080e80041c0b30010
:10b26400682d070040079800510798004e08900089
:10b274006600400041c0b300622d070060079800db
:10b28400710798004e0890006a00400041c0b30066
:10b294005c2d0700000f9800110f98000e08900015
:10b2a4009e089000e00f5000e08f58007e033200ab
:10b2b4006e5090000080fb004400dd0000407800e8
:10b2c4005040b30022e8b700800337006e4090007e
:10b2d4000080fb00ce089000811f7800801f78005a
:10b2e40080f22a00801f780040c0b3003631070086
:10b2f400e687570010c0b300104798007303370067
:10b304006e5090000080fb004400dd000040780097
:10b314003040b30022e8b70022c8bf008080fb00a1
:10b324006e5090000080fb00811f7800801f780021
:10b3340090f52a00801f780060c0b3002231070016
:10b34400e687570020c0b300104798005f0337001a
:10b354006e4090000080fb0081082000810f5000a7
:10b364002c03320081082000810f50000a003c00a9
:10b3740041082000810f50001702320061082000ac
:10b38400810f50008a02320021082000810f5000f2
:10b39400670132004d033700b1082000810f5000cf
:10b3a4008a003200b1082000810f500004003c00e4
:10b3b400a1082000810f5000280132004303370008
:10b3c400010a2000810f500036003200010c2000d9
:10b3d400810f50003d033a002368ef002ec8bf00e0
:10b3e4000004e00022003a0036c8bf000004e00078
:10b3f4001f003a002b68ef0010c0b30086e8b700c6
:10b4040040152100104078000004e00015003200cf
:10b41400308a8000418a8000604088007140880042
:10b42400328a8000438a8000201c20000100200012
:10b43400800f5100818f5900040036004000200025
:10b444000100200060408800714088004015210000
:10b454008040eb000148780000a32200908a880015
:10b464008668ef001768ef0010c0b300104798001b
:10b474002ec8bf000004e0000500320036c8bf003b
:10b484000004e00002003a002268ef002e68ef009a
:10b4940036c8bf00e14f500005033a003668ef009c
:10b4a4000a03370050f82a00801f780060c0b300f8
:10b4b400c53007008f87e9001e407800e44f500034
:10b4c4002a003a004e0890000080e80021c0b30032
:10b4d400cc2c0700000078008000eb0040079800a7
:10b4e400510798004e009000de009000e00f5000dd
:10b4f400e08f580008003a00601321008040eb0000
:10b504000148780030c0b3001047980010c8b30059
:10b5140022e8b7001f0037004e019000de019000c2
:10b524001000200001002000800f5100818f59007d
:10b534000b003a000088230011002000ed330700bf
:10b544006013210011c0b3000148780030c0b3007b
:10b554001047980010c8b30022e8b7000d00370068
:10b5640010c0b300104798000a0037006e409000e6
:10b574000080fb00801f780070fa2a00801f78008a
:10b5840040c0b30090300700e487570010c0b300f8
:10b594001047980060132100104078000080fb00e1
:10b5a400801f780050fd2a00801f780070c0b3000f
:10b5b40085300700e487570030c0b3001047980077
:10b5c40010c8b30022e8b700c002370050fe2a00ba
:10b5d400801f780060c0b3007b3007008f87e900cc
:10b5e40030c0b3001047980060c8b30022e8b70029
:10b5f4001e407800e64f500090003a004e0890003c
:10b604000080e80021c0b3007e2c070000407800d1
:10b614000080fb008000eb00400798005107980071
:10b624004e0890006400400021c0b300752c070050
:10b63400004078000080fb008000eb006007980069
:10b64400710798004e019000de0190001000200068
:10b6540001002000800f5100818f59000b003a0037
:10b66400b200200071002b00c0eb2000c1da0700fb
:10b67400a0c0b300d11b070030408000f2002000be
:10b6840021012b00bbda07000a003700c2002000aa
:10b6940011022b00c0eb2000b6da0700a0c0b300f3
:10b6a400c61b07003040800002012000d1022b009d
:10b6b400b0da0700414080003040800053c0b3003e
:10b6c400010178008000780010c0b300462507000f
:10b6d4000004e0000200320010c0b30020479800cc
:10b6e4006e019000fe019000f00020000100200097
:10b6f400800f5100818f590052003e004e0190008e
:10b70400de0190005000200001002000800f510055
:10b71400818f59004b003e002e4090000004a2008f
:10b724000004e000470032004e009000de0090006c
:10b73400809fbe00d0032b00801f7800c0eb200048
:10b7440014da0700e687570040c4b3009b1b0700c8
:10b754006e009000fe009000809fbe00d0032b007e
:10b76400801f7800c0eb20000ada0700e687570044
:10b7740060c4b300911b07003040800031c4b300a3
:10b784003b1f0700414080003040800053c0b3009d
:10b79400010178008000780010c0b3001225070072
:10b7a4000004e0000200320010c0b30020479800fb
:10b7b4003040800051c4b3002d1f07004140800079
:10b7c4003040800053c0b30001017800800078004d
:10b7d40010c0b300042507000004e000020032009a
:10b7e40010c0b30020479800304080009200200031
:10b7f40011042b005fda07004140800030408000d4
:10b8040053c0b300010178008000780010c0b30079
:10b81400f52407000004e0000200320010c0b30069
:10b82400204798002e4090000004e00005003200fc
:10b8340010c0b300104798000200370010c0b300d6
:10b84400104798002e4090000004e0001a023200d5
:10b8540010c0b300104798001c023700a0042b004e
:10b86400801f780060c0b300d72f07008f87e900de
:10b8740030c0b3001047980070c8b30022e8b70086
:10b884004e0890000080e80021c0b300dd2b0700c3
:10b89400000078008000eb004007980051079800f2
:10b8a4001e407800e44f500016003a004e0090000d
:10b8b400de009000e00f5000e08f580011003200cd
:10b8c400ce009000b00420000088b9000000780089
:10b8d400d0418800d0418000c0418800d041800020
:10b8e400801f7800c0072b00801f7800c0eb200069
:10b8f400a8d90700e487570080c4b3002f1b0700b2
:10b90400f20137006e4090000080fb00801f780039
:10b9140070fa2a00801f780040c0b300aa2f0700e5
:10b92400e487570010c0b30010479800e7013700c0
:10b9340020082b00801f780060c0b300a22f0700ee
:10b944008f87e90030c0b300104798001e80fb00c9
:10b95400e60f500011003200e60f500003003c00d7
:10b96400e40f50000600320021003700e80f5000b9
:10b9740011003200ea0f5000160032001c0037009c
:10b984004e0890000080e80021c0b3009d2b070002
:10b99400308a8800418a8800220037004e089000cf
:10b9a4000080e80041c0b300962b0700308a88006d
:10b9b400418a88001b0037004e0890000080e80090
:10b9c40061c0b3008f2b0700308a8800418a880049
:10b9d400140037004e0890000080e80081c0b300d6
:10b9e400882b0700308a8800418a88000d003700c0
:10b9f4006e4090000080fb004e099000821f78008a
:10ba0400801f780080f22a00801f780040c0b300b5
:10ba14006d2f0700e687570010c0b3001047980049
:10ba2400000000001e409000e34f5000a4013a00c3
:10ba3400328a8000438a8000b00320000100200085
:10ba4400800f5100818f590004003e00c003200084
:10ba540001002000308a8800418a8800308a8000f2
:10ba6400418a800060408800714088006040800006
:10ba740071408000809fbe00d0032b00801f78009f
:10ba8400c0eb200043d90700e687570060408000e0
:10ba9400714080004e09dd004200de0000007100ac
:10baa400c208de0060408800714088006040800069
:10bab40071408000308a8800418a88000040eb0091
:10bac40040479800000000004e4090000080fb00ba
:10bad400c1eb2000614078000080fb000000ea0018
:10bae4004f00de0000407800ce4090008140e80026
:10baf400414798000004e000030032004e409000eb
:10bb0400eb4f5000f0ff36004e4090000040e9003b
:10bb1400404798004e4090000080fb00c1eb20009d
:10bb240002c3b300827078004e4090000040e800e9
:10bb3400404798004e4090000080fb00c1eb20007d
:10bb440002c3b300827078004e4090000040e800c9
:10bb5400404798004e4090000080fb00c1eb20005d
:10bb640002c3b300827078004e4090000040e800a9
:10bb7400404798004e4090000080fb00c1eb20003d
:10bb84000041eb00827078004e4090000040e800d5
:10bb94004047980020c0b300881a0700328a80000a
:10bba400438a80004218dd00ce10de008100700060
:10bbb4004210dd00809fbe00000b2b00801f780028
:10bbc40080c0b300002f0700e687570030c8b300d9
:10bbd40022e8b7003d013700300c2b00801f7800ad
:10bbe40060c0b300f82e07008f87e90030c0b300af
:10bbf4001047980020c8b30022e8b7001e80fb005d
:10bc0400e40f500003003200e60f50000800320039
:10bc14000e0037004e0890000080e80021c0b300f9
:10bc2400f82a0700000078005089880012003700c5
:10bc34004e0890000080e80041c0b300f12a0700dc
:10bc440000007800508988000b0037006e40900097
:10bc54000080fb00801f780070fa2a00801f7800a3
:10bc640040c0b300d82e0700e487570010c0b300cb
:10bc740010479800000000001e409000e34f500061
:10bc840011013a005189800090052000808f5000f6
:10bc940002003e00800720005089880050898000ff
:10bca400801f7800600f2b00801f7800c0eb2000fd
:10bcb400b8d80700e4875700508980004200de00ae
:10bcc4008000eb00508a8800618a88000040eb0005
:10bcd40050479800000000005e4090000080fb0088
:10bce400c1eb2000614078000080fb000000ea0006
:10bcf4004f00de0000407800de4090008140e80004
:10bd0400514798000004e000030032005e409000b8
:10bd1400eb4f5000f0ff36005e4090000040e90019
:10bd2400504798005e4090000080fb00c1eb20006b
:10bd340002c3b300827078005e4090000040e800c7
:10bd4400504798005e4090000080fb00c1eb20004b
:10bd540002c3b300827078005e4090000040e800a7
:10bd6400504798005e4090000080fb00c1eb20002b
:10bd740002c3b300827078005e4090000040e80087
:10bd8400504798005e4090000080fb00c1eb20000b
:10bd94000041eb00827078005e4090000040e800b3
:10bda4005047980080c3b300041a0700c700370047
:10bdb400900f2b00801f780060c0b300822e070014
:10bdc4008f87e90030c0b3001047980050c8b30013
:10bdd40022e8b7001e407800e44f50008a003a0081
:10bde4004e0890000080e80021c0b300852a0700b7
:10bdf400405798004e5090000080fb00e10f500027
:10be04002c003200e10f500003003c000000e00071
:10be14000600320078003700e20f50004400320080
:10be2400e30f500061003200730037001828ef0060
:10be3400c01221008040eb0001487800d01221009c
:10be44008040eb0001487800401221008040eb0064
:10be540001487800501221008040eb00014878002e
:10be6400601221008040eb00014878001a68ef005e
:10be740016c8bf000064a10016e8b70016c8bf00ca
:10be84000064a10016e8b7004e5090000080fb004b
:10be9400801f7800600f2b00801f7800c0eb20000b
:10bea4003cd80700e487570020c2b300c319070039
:10beb4005400370050898000c0408800d01221000f
:10bec40011c0b30001487800c01221008040eb008b
:10bed40001487800401221008040eb0001487800be
:10bee4006012210010407800804078000104a10015
:10bef400601221000148780016c8bf000064a10048
:10bf040016e8b7004e5090000080fb00801f7800b8
:10bf1400600f2b00801f7800c0eb20001dd80700a5
:10bf2400e487570020c2b300a41907003500370086
:10bf340050898000c0408800d01221008040eb006e
:10bf440001487800c012210011c0b30001487800f4
:10bf5400501221008040eb0001487800601221005b
:10bf640010407800804078000114a1006012210084
:10bf74000148780016c8bf000064a10016e8b700a5
:10bf84004e5090000080fb00801f7800600f2b0053
:10bf9400801f7800c0eb2000fed70700e48757001d
:10bfa40020c2b300851907001600370050898000ad
:10bfb400c0408800d012210011c0b30001487800ad
:10bfc400c012210011c0b300014878004e50900007
:10bfd4000080fb00801f7800600f2b00801f78001a
:10bfe400c0eb2000ebd70700e487570020c2b30062
:10bff400721907000300370010c0b30010479800ff
:10c00400000000003100370010c0b3001047980052
:10c014002e00370080122b00801f780060c0b30010
:10c02400e92d07008f87e90030c0b300104798005e
:10c0340040c8b30022e8b7001028ef001228ef0030
:10c04400500320006d170700505798005e50900071
:10c054000080fb00c003b0008040eb007e170700a7
:10c064005e5090000080fb004006b0008040eb0072
:10c07400791707005e5090000080fb00c008b000f4
:10c084008040eb00741707005e5090000080fb00b6
:10c09400400bb0008040eb006f1707000b00370027
:10c0a400000000000900370000000000070037000e
:10c0b4000000000005003700000000000300370006
:10c0c4000000000001003700000000001e40900046
:10c0d400e14f50000200360010c0b3002ae8b70058
:10c0e400c52f07001e4090000080fa0000000600e3
:10c0f4000600fa0010079800210798000060fe006f
:10c1040022428000334280001e009000ae00900066
:10c11400800f5100818f5900260032000040eb004f
:10c12400004f78005003200034170700004f7800b8
:10c134001e009000804078001e80fb00c003b00009
:10c14400451707001e009000ae0090004809dd006e
:10c154004800de0000007100c808de00804078005e
:10c164001e80fb004006b0003b1707001e00900035
:10c17400ae0090004008de00804078001e80fb0086
:10c18400c008b000341707001e009000ae009000f5
:10c194004808de00804078001e80fb00400bb000a1
:10c1a4002d1707001e019000ae0190002242880066
:10c1b400334288000080fa00000006000200fa0002
:10c1c4000040eb00004f78000060fe0050898000c2
:10c1d400c040880075c6a800401221008040eb00d2
:10c1e40001487800501221008040eb00014878009b
:10c1f400b466a80000e2240001002000bd3007005e
:10c20400c0122100104078000004e0000b0032004e
:10c21400b03380004e00de00614060000080fb000f
:10c2240000f0a7000000ea000000ea004f00de0072
:10c23400804078004012210001487800d01221008b
:10c24400104078000004e0000b00320090358000bc
:10c254004200de00614060000080fb0000f0a700a7
:10c264000000ea000000ea004f00de008040780091
:10c274005012210001487800b466a90075c6a900cf
:10c2840079c6a900c0122100104078000004e00023
:10c294002400320040122100104078000004e00025
:10c2a40011003200601221001040780080407800b4
:10c2b4000104a000601221000148780000152b0041
:10c2c400801f780060c0b3003f2d07008f87e9000e
:10c2d40010c0b300004f780016c8bf000064a0006f
:10c2e40016e8b7000f0037006012210010407800f4
:10c2f400804078000104a100601221000148780008
:10c304001a68ef00b0162b00801f780060c0b300dd
:10c314002d2d07008f87e90016c8bf000064a10017
:10c3240016e8b700d0122100104078000004e000a5
:10c334002400320050122100104078000004e00074
:10c344001100320060122100104078008040780013
:10c354000114a0006012210001487800a0182b00ed
:10c36400801f780060c0b300172d07008f87e90095
:10c3740010c0b300004f780016c8bf000064a000ce
:10c3840016e8b7000f003700601221001040780053
:10c39400804078000114a100601221000148780057
:10c3a4001a68ef00501a2b00801f780060c0b30099
:10c3b400052d07008f87e90016c8bf000064a1009f
:10c3c40016e8b700401221009040780042c8bf0030
:10c3d40080cf500005003a005012210090407800b0
:10c3e40043c8bf0080cf5000170032004012210024
:10c3f4001040780042e8b700501221001040780045
:10c4040043e8b7006240800073408000e0012000f0
:10c4140001002000800f5100818f59000a0036006e
:10c424001ac8bf00e34f500007003e00401c2b0019
:10c43400801f780060c0b300e32c07008f87e900f9
:10c444000c28ef000e28ef001e4078000080fa0050
:10c45400000006000c00fa0000c5b300582c0700c9
:10c46400e14f500053003a000000eb00000f780049
:10c474001f0037001e007800404798009e00780097
:10c48400310798004e419000be00900000c5b300f3
:10c49400982c0700e14f50000b003a004e409000ea
:10c4a4000080fb00801f7800be009000811f780090
:10c4b400e01e2b00801f780060c0b300c22c070070
:10c4c400e68757000800370030212b00801f7800d2
:10c4d40030c0b300bc2c07008f87e9000090200017
:10c4e400d1032000033007000060fe001e0fe800a7
:10c4f400f01f20009e007800808f5000ddff360082
:10c504000000eb0010079800250037001e00900083
:10c5140000407800204f98009e009000410798004a
:10c524000040eb00204f98006a00470000017800ab
:10c53400ce00900000c5b300402c0700e14f50002e
:10c544000b003a002e4890000080fb00801f78000a
:10c55400ce009000811f7800a0212b00801f78005e
:10c5640060c0b300982c0700e68757000800370026
:10c5740030212b00801f780030c0b300922c0700bc
:10c584008f87e90000902000d1032000d92f0700f5
:10c594000060fe001e0090000000e80010079800f4
:10c5a4009e009000f01f2000808f5000d7ff3600bf
:10c5b40005003700e0232b00801f780030c0b30053
:10c5c400812c07008f87e9000060fe00feff370022
:10c5d4000000fa000060fe0086c8bf000004e0000e
:10c5e40003003a00401521008040eb000148780028
:10c5f4004015210010407800e14f50000a003a0035
:10c60400328a8000438a8000b0a820000100200004
:10c61400800f5100818f590003003600401521001e
:10c6240081c4b3000148780040152100104078000f
:10c634000080fb00cf80de006205200003002000a4
:10c64400820f5000838f580024033e0000600100d5
:10c654002403370055003700590037005d003700c8
:10c6640061003700600037005f0037005e0037006c
:10c674005d0037005c0037005b0037005a0037006c
:10c6840059003700580037005c0037006c00370051
:10c6940070003700740037008400370088003700ca
:10c6a4008c0037009c003700a0003700a40037003e
:10c6b400b4003700b8003700bc003700cc003700a6
:10c6c400d0003700d4003700e4003700e80037001a
:10c6d400ec003700fc00370000013700040137008c
:10c6e40014013700180137001c0137002c013700f2
:10c6f4003001370034013700440137004801370066
:10c704004c0137005c0137006001370064013700d9
:10c7140074013700780137007c0137008c01370041
:10c724009001370094013700a4013700a8013700b5
:10c73400ac013700bc013700c0013700c401370029
:10c74400d4013700d8013700dc013700ec01370091
:10c75400f0013700f4013700040237000802370003
:10c764000c0237001c023700200237002402370075
:10c7740034023700380237003c02370053023700d6
:10c78400570237005b023700720237007602370027
:10c794007a02370091023700950237009902370078
:10c7a400b0023700b4023700b8023700500020004e
:10c7b400010020006040880071408800ca023700f0
:10c7c400a000200001002000604088007140880023
:10c7d400c5023700400120000100200060408800ad
:10c7e40071408800c0023700308a8000418a80008e
:10c7f4006040880071408800bb023700328a8000a4
:10c80400438a80004038200001002000800f51003e
:10c81400818f590005003e004038200001002000af
:10c824006040880071408800af023700308a800081
:10c83400418a80006040880071408800aa02370065
:10c8440050002000010020006040880071408800f2
:10c85400a5023700a00020000100200060408800ed
:10c8640071408800a0023700328a8000438a800029
:10c874004038200001002000800f5100818f5900b2
:10c8840005003e0040382000010020006040880080
:10c894007140880094023700308a8000418a800009
:10c8a40060408800714088008f02370050002000eb
:10c8b4000100200060408800714088008a0237002f
:10c8c400a000200001002000604088007140880022
:10c8d40085023700328a8000438a80004038200075
:10c8e40001002000800f5100818f590005003e0097
:10c8f400403820000100200060408800714088001a
:10c9040079023700308a8000418a800060408800c4
:10c91400714088007402370050002000010020009c
:10c9240060408800714088006f023700a00020003a
:10c934000100200060408800714088006a023700ce
:10c94400328a8000438a80004038200001002000a1
:10c95400800f5100818f590005003e0040382000af
:10c964000100200060408800714088005e023700aa
:10c97400308a8000418a80006040880071408800cd
:10c984005902370050002000010020006040880058
:10c994007140880054023700a000200001002000ec
:10c9a40060408800714088004f023700328a80005e
:10c9b400438a80004038200001002000800f51008d
:10c9c400818f590005003e004038200001002000fe
:10c9d400604088007140880043023700308a80003c
:10c9e400418a800060408800714088003e02370020
:10c9f4005000200001002000604088007140880041
:10ca040039023700a00020000100200060408800a7
:10ca14007140880034023700328a8000438a8000e3
:10ca24004038200001002000800f5100818f590000
:10ca340005003e00403820000100200060408800ce
:10ca44007140880028023700308a8000418a8000c3
:10ca540060408800714088002302370050002000a5
:10ca64000100200060408800714088001e023700e9
:10ca7400a000200001002000604088007140880070
:10ca840019023700328a8000438a8000403820002f
:10ca940001002000800f5100818f590005003e00e5
:10caa4004038200001002000604088007140880068
:10cab4000d023700308a8000418a8000604088007f
:10cac4007140880008023700500020000100200057
:10cad400604088007140880003023700a0002000f5
:10cae400010020006040880071408800fe0137008a
:10caf400328a8000438a80004038200001002000f0
:10cb0400800f5100818f590005003e0040382000fd
:10cb1400010020006040880071408800f201370065
:10cb2400308a8000418a800060408800714088001b
:10cb3400ed01370050002000010020006040880013
:10cb440071408800e8013700a000200001002000a7
:10cb54006040880071408800e3013700328a800019
:10cb6400438a80004038200001002000800f5100db
:10cb7400818f590005003e0040382000010020004c
:10cb84006040880071408800d7013700308a8000f7
:10cb9400418a80006040880071408800d2013700db
:10cba400500020000100200060408800714088008f
:10cbb400cd013700a0002000010020006040880063
:10cbc40071408800c8013700328a8000438a80009f
:10cbd4004038200001002000800f5100818f59004f
:10cbe40005003e004038200001002000604088001d
:10cbf40071408800bc013700308a8000418a80007f
:10cc04006040880071408800b70137005000200060
:10cc1400010020006040880071408800b2013700a4
:10cc2400a0002000010020006040880071408800be
:10cc3400ad013700328a8000438a800040382000ea
:10cc440001002000800f5100818f590005003e0033
:10cc540040382000010020006040880071408800b6
:10cc6400a1013700308a8000418a8000604088003a
:10cc7400714088009c013700500020000100200012
:10cc8400604088007140880097013700a0002000b0
:10cc94000100200060408800714088009201370044
:10cca400328a8000438a800040382000010020003e
:10ccb400800f5100818f590005003e00403820004c
:10ccc4000100200060408800714088008601370020
:10ccd400308a8000418a800060408800714088006a
:10cce40081013700500020000100200060408800ce
:10ccf400714088007c013700a00020000100200062
:10cd0400604088007140880077013700328a8000d3
:10cd1400438a80004038200001002000800f510029
:10cd2400818f590005003e0040382000010020009a
:10cd340060408800714088006b013700308a8000b1
:10cd4400418a800060408800714088006601370095
:10cd540050002000010020006040880071408800dd
:10cd640061013700a000200001002000604088001d
:10cd7400714088005c013700328a8000438a800059
:10cd84004038200001002000800f5100818f59009d
:10cd940005003e004038200001002000604088006b
:10cda4007140880050013700308a8000418a800039
:10cdb40060408800714088004b013700500020001b
:10cdc400010020006040880071408800460137005f
:10cdd400a00020000100200060408800714088000d
:10cde40041013700328a8000438a800040382000a5
:10cdf40001002000800f5100818f590005003e0082
:10ce04004038200001002000604088007140880004
:10ce140035013700308a8000418a800060408800f4
:10ce240071408800300137005000200001002000cc
:10ce340060408800714088002b013700a00020006a
:10ce440001002000604088007140880026013700fe
:10ce5400328a8000438a800040382000010020008c
:10ce6400800f5100818f590005003e00403820009a
:10ce74000100200060408800714088001a013700da
:10ce8400308a8000418a80006040880071408800b8
:10ce94001501370050002000010020006040880088
:10cea4007140880010013700a0002000010020001c
:10ceb40060408800714088000b013700328a80008e
:10cec400438a80004038200001002000800f510078
:10ced400818f590005003e004038200001002000e9
:10cee4006040880071408800ff003700308a80006d
:10cef400418a80006040880071408800fa00370051
:10cf0400500020000100200060408800714088002b
:10cf1400f5003700a00020000100200060408800d8
:10cf240071408800f0003700328a8000438a800014
:10cf34004038200001002000800f5100818f5900eb
:10cf440005003e00403820000100200060408800b9
:10cf540071408800e4003700308a8000418a8000f4
:10cf64006040880071408800df00370050002000d6
:10cf7400010020006040880071408800da0037001a
:10cf8400a00020000100200060408800714088005b
:10cf9400d5003700328a8000438a80004038200060
:10cfa40001002000800f5100818f590005003e00d0
:10cfb4004038200001002000604088007140880053
:10cfc400c9003700308a8000418a800060408800b0
:10cfd40071408800c4003700500020000100200088
:10cfe4006040880071408800bf003700a000200026
:10cff400010020006040880071408800ba003700ba
:10d00400328a8000438a80004038200001002000da
:10d01400800f5100818f590005003e0040382000e8
:10d02400010020006040880071408800ae00370095
:10d03400308a8000418a8000604088007140880006
:10d04400a900370050002000010020006040880043
:10d0540071408800a4003700a000200001002000d7
:10d0640060408800714088009f003700328a800049
:10d07400438a80004038200001002000800f5100c6
:10d08400818f590007003600328a8000438a80006d
:10d09400b0a8200001002000800f5100818f5900aa
:10d0a4000500360040382000010020006040880060
:10d0b400714088008c003700308a8000418a8000eb
:10d0c40060408800714088008700370050002000cd
:10d0d4000100200060408800714088008200370011
:10d0e400a0002000010020006040880071408800fa
:10d0f4007d003700328a8000438a80004038200057
:10d1040001002000800f5100818f59000700360074
:10d11400328a8000438a8000b0a8200001002000e9
:10d12400800f5100818f59000500360040382000df
:10d134000100200060408800714088006a003700c8
:10d14400308a8000418a80006040880071408800f5
:10d154006500370050002000010020006040880076
:10d164007140880060003700a0002000010020000a
:10d1740060408800714088005b003700328a80007c
:10d18400438a80004038200001002000800f5100b5
:10d19400818f590007003600328a8000438a80005c
:10d1a400b0a8200001002000800f5100818f590099
:10d1b400050036004038200001002000604088004f
:10d1c4007140880048003700308a8000418a80001e
:10d1d4006040880071408800430037005000200000
:10d1e4000100200060408800714088003e00370044
:10d1f400a0002000010020006040880071408800e9
:10d2040039003700328a8000438a80004038200089
:10d2140001002000800f5100818f59000700360063
:10d22400328a8000438a8000b0a8200001002000d8
:10d23400800f5100818f59000500360040382000ce
:10d2440001002000604088007140880026003700fb
:10d25400308a8000418a80006040880071408800e4
:10d2640021003700500020000100200060408800a9
:10d27400714088001c003700a0002000010020003d
:10d28400604088007140880017003700328a8000af
:10d29400438a80008051210001002000800f51004a
:10d2a400818f590005003e008051210001002000bb
:10d2b400604088007140880004003700308a800094
:10d2c400418a800060408800714088004015210038
:10d2d40031c5b300014878000300370000000000a6
:10d2e40001003700000000004015210010407800c4
:10d2f4000004e0000a00320040152100904078004c
:10d3040050c5b30080cf500005003e0040152100f9
:10d31400104078008040e800401521000148780062
:10d324000080fa00000006000400fa006000b80063
:10d33400008fbe000060fe0070252b00801f780067
:10d34400d0262b00801f780010c0b3001e290700d0
:10d35400e4875700e0272b00801f780010c0b3003b
:10d36400192907008f87e900710e200000c1b3005e
:10d37400e5130700c0eb2000801f7800e0292b0094
:10d38400801f780010c0b3000f290700e4875700fe
:10d39400710f200080c0b300db130700c0eb200036
:10d3a400801f7800e02a2b00801f780010c0b30093
:10d3b40005290700e4875700f10f200000c2b300dd
:10d3c400d1130700c0eb2000801f7800f02b2b0046
:10d3d400801f780010c0b300fb280700e4875700c3
:10d3e400f111200000c2b300c7130700c0eb2000f6
:10d3f400801f7800c02c2b00801f780010c0b30061
:10d40400f1280700e4875700f113200000c2b3009d
:10d41400bd130700c0eb2000801f7800a02d2b0057
:10d42400801f780010c0b300e7280700e487570086
:10d43400f115200000c1b300b3130700c0eb2000b6
:10d44400801f7800802e2b00801f780010c0b3004e
:10d45400dd280700e4875700f10d200010c0b30059
:10d46400a9130700c0eb2000801f7800a02f2b0019
:10d47400801f780010c0b300d3280700e48757004a
:10d484004118200030c0b3009f130700c0eb2000f8
:10d49400801f780030312b00801f780010c0b3004b
:10d4a400c9280700e48757008118200010c0b30082
:10d4b400951307003a1907000080700000f0a700d8
:10d4c4000000ea000000ea004f00de00804078001f
:10d4d4007013210001487800701321001040780077
:10d4e4000004e00002003200e0312b0001003700ac
:10d4f40020322b00801f780070322b00801f7800b0
:10d5040010c0b300b0280700e48757002119200099
:10d5140080c0b3007c130700c0eb2000801f78009c
:10d52400a0332b00801f780010c0b300a62807008a
:10d53400e4875700d117200020c0b30072130700fe
:10d54400c0eb2000801f780070342b00801f78000f
:10d5540010c0b3009c280700e4875700211b20005b
:10d5640020c0b30068130700c0eb2000801f7800c0
:10d5740080352b00801f780010c0b300922807006c
:10d58400e4875700c117200010c0b3005e130700e2
:10d5940003190700804078004013210001487800f7
:10d5a400c0eb2000801f780080362b00801f78009d
:10d5b40010c0b30084280700e487570071182000c6
:10d5c40010c0b30050130700c0eb2000801f780088
:10d5d40060372b00801f780010c0b3007a28070042
:10d5e400e4875700111b200010c0b3004613070046
:10d5f400c0eb2000801f7800c0382b00801f78000b
:10d6040010c0b30070280700e4875700b0392b001e
:10d61400801f780010c0b3006b2807008f87e900d3
:10d62400810c2000a0c0b30037130700dc180700ea
:10d63400008fbe001e00be004e09dd004200de0069
:10d6440000007100c208de00008fbe001e01be0093
:10d65400328a8800438a8800328a8000438a8000a4
:10d66400e000200001002000800f5100818f59004c
:10d6740004003e00f000200001002000308a8800f1
:10d68400418a8800328a8000438a80004218dd0083
:10d69400ce10de00810070004210dd00809fbe00cd
:10d6a400c03b2b00801f780010c0b3004628070041
:10d6b400e6875700210d200050c0b3001213070065
:10d6c400ea18070000007800708a8800708a8000d9
:10d6d400801f7800703d2b00801f780010c0b300bd
:10d6e40039280700e4875700f116200010c0b30062
:10d6f40005130700aa18070080407800e0122100f3
:10d7040001487800e0122100104078000080fb00fe
:10d71400801f7800a03e2b00801f780010c0b3004b
:10d7240029280700e48757000117200010c0b30020
:10d73400f51207009a18070080407800f0122100c3
:10d7440001487800f0122100104078000080fb00ae
:10d75400801f7800d03f2b00801f780010c0b300da
:10d7640019280700e48757004117200040c0b30080
:10d77400e5120700bd18070000007800008a880041
:10d78400008a8000801f7800e0402b00801f780012
:10d7940010c0b3000c280700e4875700811720004d
:10d7a40040c0b300d8120700b0180700000078008a
:10d7b400108a8800108a8000801f7800e0412b00c6
:10d7c400801f780010c0b300ff270700e4875700cc
:10d7d400f117200050c0b300cb120700a3180700b4
:10d7e40000007800208a8800208a8000801f78004a
:10d7f400e0412b00801f780010c0b300f22707001f
:10d80400e48757000060fe00010e200010c0b30042
:10d81400bd12070062180700804078000013210041
:10d824000148780000132100104078000004e00053
:10d8340002003a00e0422b000100370080432b0035
:10d84400801f780040442b00801f780010c0b30074
:10d85400dd270700e48757002117200010c0b3001c
:10d86400a91207004e180700008fbe001e00be005c
:10d874001200200003002000820f5000838f580004
:10d884002c0032001200200003002000820f500000
:10d89400838f58000b003900220020000300200071
:10d8a400820f5000838f580038003200320020006d
:10d8b40003002000820f5000838f5800490032007b
:10d8c40054003700c01221008040eb00014878006a
:10d8d400d01221008040eb00014878004012210062
:10d8e4008040eb0001487800501221008040eb009a
:10d8f40001487800601221008040eb000148780064
:10d904001a68ef0016c8bf000064a10016e8b7004b
:10d9140016c8bf000064a10016e8b70050452b00ec
:10d92400801f780010c0b300a72707008f87e90085
:10d934003e003700c01221008040eb00014878000f
:10d94400d012210011c0b300014878004012210018
:10d954008040eb0001487800601221008040eb0019
:10d96400014878001a68ef0016c8bf000064a100df
:10d9740016e8b700e0482b00801f780010c0b30001
:10d98400912707008f87e90028003700c012210083
:10d9940011c0b30001487800d01221008040eb0090
:10d9a40001487800501221008040eb0001487800c3
:10d9b400601221008040eb00014878001a68ef00f3
:10d9c40016c8bf000064a10016e8b700404c2b0045
:10d9d400801f780010c0b3007b2707008f87e90001
:10d9e40012003700c012210011c0b30001487800b2
:10d9f400d012210011c0b30001487800a04f2b00c1
:10da0400801f780010c0b3006f2707008f87e900dc
:10da140006003700d0522b00801f780010c0b300de
:10da2400692707008f87e9000000000031172000f4
:10da340010c0b30034120700d9170700008070002b
:10da440000f0a7000000ea000000ea004f00de003a
:10da540080407800d013210001487800d0132100c1
:10da6400104078000004e0000200320090562b00c1
:10da740001003700c0562b00801f780000572b0090
:10da8400801f780010c0b3004f270700e4875700b9
:10da94000060fe00110e200060c0b3001a120700df
:10daa400f217070000007800f0898800f0898000f0
:10dab400e90f500002003e0000052000f0898800b4
:10dac400f0898000801f780090572b00801f780019
:10dad40010c0b3003c270700e4875700111720004b
:10dae40010c0b30008120700ad170700804078008b
:10daf4001013210001487800101321001040780011
:10db04000004e0000200320090562b0001003700b0
:10db1400c0562b00801f7800e0582b00801f78002f
:10db240010c0b30028270700e4875700a11820007d
:10db340080c0b300f411070099170700008fbe00de
:10db44001e00be00ce09dd004200de000080710030
:10db5400c208de00008fbe001e0078008000eb00cb
:10db6400508a8800618a8800528a8000638a800013
:10db7400e000200001002000800f5100818f590037
:10db840004003e00f000200001002000508a8800bc
:10db9400618a8800528a8000638a80004218dd000e
:10dba400ce10de00810070004210dd00809fbe00b8
:10dbb400705a2b00801f780010c0b30002270700a2
:10dbc400e6875700411b200020c0b300ce11070098
:10dbd40073170700008fbe001e00be004e09dd0053
:10dbe4004200de0000007100c208de00008fbe00ab
:10dbf4001e007800d0898800d0898000801f7800ba
:10dc0400105c2b00801f780010c0b300ee260700c4
:10dc1400e4875700a1192000a0c0b300ba1107007f
:10dc24005f170700008fbe001e00be00ce09dd0096
:10dc34004200de0000807100c208de00008fbe00da
:10dc44001e0078005089880050898000ee0f500033
:10dc540002003e00f00020005089880050898000b6
:10dc6400c0408800508980004200dd00801f780099
:10dc7400505d2b00801f780010c0b300d22607002f
:10dc8400e4875700411a2000a0c0b3009e1107008a
:10dc940043170700008fbe001e00be004e09dd00c2
:10dca4004200de0000007100c208de00008fbe00ea
:10dcb4001e0078009089880090898000ee0f500043
:10dcc40002003e00f00020009089880090898000c6
:10dcd4004200dd00801f7800705f2b00801f7800f9
:10dce40010c0b300b8260700e4875700908980006d
:10dcf4008000eb00508a8800618a8800508a800086
:10dd0400618a8000000078004200dd00801f7800f6
:10dd1400705a2b00801f780010c0b300aa26070099
:10dd2400e4875700508a8000618a800000007800f0
:10dd340020448800e11a200020c0b30072110700bb
:10dd440017170700008fbe001e00be00ce09dd00bd
:10dd54004200de0000807100c208de00008fbe00b9
:10dd64001e0078008040780050132100014878009c
:10dd740050132100104078000080fb004200dd00b9
:10dd8400801f780090612b00801f780010c0b300c2
:10dd94008d260700e4875700011b200010c0b30044
:10dda40059110700fe1607000080700000f0a7005c
:10ddb4000000ea000000ea004f00de008040780026
:10ddc4006013210001487800c0eb2000801f780018
:10ddd400c0632b00801f780010c0b3007a260700b0
:10dde400e48757009118200010c0b30046110700c3
:10ddf400eb1607000080700000f0a7000000ea00a6
:10de04000000ea004f00de0080407800801321000b
:10de14000148780080132100104078000080fb0046
:10de2400801f780070642b00801f780010c0b3003e
:10de340065260700e4875700a10d200050c0b300f9
:10de440031110700d6160700008fbe001e00be0069
:10de54004e09dd004200de0000007100c208de0051
:10de6400008fbe001e00780080407800c01321009f
:10de740001487800c0132100104078000080fb00a6
:10de84004200dd00801f780050652b00801f780061
:10de940010c0b3004c260700e4875700710d200022
:10dea40030c0b30018110700f0160700008fbe0041
:10deb4001e007800004078000080fb00808a880003
:10dec400818a8000f0042000808f500002003e0010
:10ded40000052000808a8800808a8000801f7800e6
:10dee40020672b00801f780010c0b300362607007f
:10def400e48757000060fe0000c4290001002000f0
:10df04007c2907000080fa00000006000601fa00e0
:10df1400881f78001007990041479a000000eb0021
:10df2400000f78000040eb0020479800e300470012
:10df3400fd0009008058eb001e00910010007800dd
:10df440062d00700000f78000060fe001e00780019
:10df54006101b8000080eb008080eb00020040000b
:10df6400838048002209200003002000820f500013
:10df7400838f5800d1023e000060010092003700f8
:10df840091003700900037008f0037008e00370073
:10df94008d0037008c0037008b0037008a00370073
:10dfa4008900370088003700870037008600370073
:10dfb4008500370084003700830037008200370073
:10dfc40081003700800037007f0037007e00370073
:10dfd4007d0037007c0037007b003700810037006c
:10dfe400b6023700b5023700b4023700b302370077
:10dff40083003700b1023700b00237009f003700ba
:10e00400ae023700ad023700ac023700ab02370076
:10e01400aa023700a9023700a8023700a702370076
:10e02400a6023700a5023700a4023700a302370076
:10e03400a2023700a1023700a00237009f02370076
:10e044009e0237009d0237009c0237009b02370076
:10e054009a02370099023700980237009702370076
:10e064009602370095023700940237009302370076
:10e074009202370091023700900237008f02370076
:10e084008e0237008d0237008c0237008b02370076
:10e094008a02370089023700880237008702370076
:10e0a4008602370085023700840237008302370076
:10e0b4008202370081023700800237007f02370076
:10e0c4007e0237007d0237007c0237007b02370076
:10e0d4007a02370079023700780237007702370076
:10e0e4007602370075023700740237007302370076
:10e0f4007202370071023700700237006f02370076
:10e104006e0237006d02370073023700600037007b
:10e114008f003700e80037007001370067023700ce
:10e124009501370065023700a0013700630237000c
:10e13400b101370061023700600237005f02370027
:10e144005e0237005d0237005c0237005b02370075
:10e154005a02370059023700c1013700c0013700a5
:10e16400bf013700be013700bd013700bc013700d5
:10e17400bb013700ba013700500237004f023700a5
:10e18400c3013700c2013700c1013700c0013700a5
:10e19400bf013700be013700bd013700bc013700a5
:10e1a4004602370045023700340237003302370095
:10e1b4003202370031023700300237002f023700b5
:10e1c4002e0237002d023700630047009e1f78009f
:10e1d40001692b00811f780061cf0700e487570095
:10e1e4003e023700630047009e1f7800316a2b000f
:10e1f400811f78005acf0700e487570037023700a1
:10e204001840800070122100104078000080fb004c
:10e214008000eb000fcb07003233230033022400cd
:10e2240023cb0700f0ca0700800078006300470092
:10e2340012002000821f7800881f78000001eb0084
:10e24400821f78000001eb00821f78000001eb00c0
:10e25400821f78000001eb00821f7800811f780084
:10e2640071252b00811f7800416d2b00811f7800e0
:10e274003bcf0700f28757001802370063004700be
:10e2840052032000116f2b00bacf0700130237008e
:10e294001e0078006101b800630047008040eb0075
:10e2a400831f0700e0152100104078000081fb0067
:10e2b4008001eb00630047008040eb007c1f0700f7
:10e2c400d0152100104078000081fb008001eb0094
:10e2d400630047008040eb00751f0700018b80003e
:10e2e40000832f00008040006101b80063004700f4
:10e2f4008040eb006e1f0700a0152100104078003d
:10e304000081fb008001eb00630047008040eb00cc
:10e31400671f0700b0152100104078000081fb0042
:10e324008001eb00630047008040eb00601f0700a2
:10e33400c0152100104078000081fb008001eb0033
:10e344006300470011c0b300591f0700e301370001
:10e354001e0078006101b800630047008040eb00b4
:10e36400531f0700f0c0b300941007006300470078
:10e374000041eb00c1eb20005a1f070010c1b3009d
:10e384008e100700630047000041eb00c1eb200042
:10e39400541f070030c1b300881007006300470012
:10e3a4000041eb00c1eb20004e1f070050c1b30039
:10e3b40082100700630047000041eb00c1eb20001e
:10e3c400481f070070c1b3007c10070063004700ba
:10e3d4000041eb00c1eb2000421f070090c1b300d5
:10e3e40076100700630047000041eb00c1eb2000fa
:10e3f4003c1f070090c0b300701007006300470083
:10e404000041eb00c1eb2000361f0700f0c2b3004f
:10e414006a100700630047000041eb00c1eb2000d5
:10e42400301f070030c3b3006410070063004700c7
:10e434000041eb00c1eb20002a1f070090c3b3008a
:10e444005e100700630047000041eb00c1eb2000b1
:10e45400241f0700b0c2b300581007006300470030
:10e464000041eb00c1eb20001e1f070050c4b300a5
:10e4740052100700630047000041eb00c1eb20008d
:10e48400181f070090c2b3004c1007006300470038
:10e494000041eb00c1eb2000121f070010c3b300c2
:10e4a400461007006300470012c0b300c1eb200010
:10e4b4000c1f0700890137001e0078006101b800b5
:10e4c400630047008040eb00f91e070010c2b30050
:10e4d4003a100700fdce07000001be0063004700ac
:10e4e4008040eb00f21e070030c2b3003310070077
:10e4f400f6ce07000001be00630047008040eb0039
:10e50400eb1e070050c2b3002c100700efce07002b
:10e514000001be00630047008040eb00e41e0700da
:10e5240070c2b30025100700e8ce07000001be004a
:10e53400630047008040eb00dd1e0700d0c2b3003b
:10e544001e100700e1ce07000001be006300470073
:10e554008040eb00d61e070050c3b300171007001d
:10e56400dace07000001be00630047008040eb00e4
:10e57400cf1e0700b0c3b30010100700d3ce0700ae
:10e584000001be00630047008040eb00c81e070086
:10e59400d0c3b30009100700ccce07000001be00b1
:10e5a400630047008040eb00c11e0700f0c3b300c6
:10e5b40002100700c5ce07000001be00630047003b
:10e5c4008040eb00ba1e0700c70f07006101b800c6
:10e5d400630047008040eb00b51e0700b0c0b300e5
:10e5e400f60f0700b9ce07000001be006300470024
:10e5f4008040eb00ae1e070050c0b300ef0f0700d1
:10e60400b2ce07000001be00630047008040eb006b
:10e61400a71e070070c0b300e80f0700abce0700c9
:10e624000001be00630047008040eb00a01e07000d
:10e63400d0c0b300e10f0700a4ce07000001be0064
:10e64400630047008040eb00991e070010c0b30030
:10e65400da0f07009dce07000001be0063004700eb
:10e664008040eb00921e070030c0b300d30f0700b8
:10e6740096ce07000001be00630047008040eb0017
:10e684008b1e0700b0c1b300cc0f07008fce07006c
:10e694000001be00630047008040eb00841e0700b9
:10e6a400d0c1b300c50f070088ce07000001be002b
:10e6b400630047008040eb007d1e0700f0c1b300fb
:10e6c400be0f070081ce07000001be0063004700b3
:10e6d40011c0b300761e0700000137001e00780049
:10e6e4006101b800630047008040eb00701e070022
:10e6f40070122100104078000081fb008001eb00c3
:10e70400630047008040eb00691e0700601221008f
:10e71400104078000081fb008001eb00630047009b
:10e724008040eb00621e07001b1807006101b8005f
:10e73400630047008040eb005d1e07006300470054
:10e744008040eb006011b800591e070063004700c9
:10e7540011c0b3001200200003002000541e070063
:10e7640082408000934080006300470011c0b300e2
:10e774004f1e0700d90037001e0078006101b80061
:10e78400630047008040eb00491e070090152100fc
:10e79400104078000081fb008001eb00630047001b
:10e7a40011c0b300421e0700cc0037001e007800e1
:10e7b4006101b800630047008040eb003c1e070085
:10e7c400630047000041eb0071252b00451e070044
:10e7d400630047000041eb0061722b00411e0700fb
:10e7e400d4170700800078006300470012c0b3000c
:10e7f4003c1e0700b90037001e0078006101b80014
:10e80400630047008040eb00291e070063004700b7
:10e814000041eb00b1722b00321e07006300470079
:10e824000041eb0001732b002e1e0700630047001c
:10e834000041eb0051732b002a1e070063004700c0
:10e844000041eb00b1722b00261e07006300470055
:10e8540012c0b30091732b00221e07009f003700e3
:10e864001e0078008040780080c8b30000c04000db
:10e8740020479800630047009e1f7800b1732b0067
:10e88400811f7800b6cd0700e48757009300370056
:10e894001e0078006101b800630047008040eb006f
:10e8a400031e0700630047008040eb0012002000b5
:10e8b40003002000fe1d0700630047008040eb00ba
:10e8c4006011b800fa1d0700630047008040eb00a8
:10e8d4001200200003002000f51d0700630047001c
:10e8e4008040eb002200200003002000f01d070000
:10e8f400630047008040eb006011b800ec1d070086
:10e90400630047008040eb00220020000300200049
:10e91400e71d0700630047008040eb003200200041
:10e9240003002000e21d0700630047008040eb0065
:10e934006011b800de1d0700630047008040eb0053
:10e944003200200003002000d91d070063004700a7
:10e954008040eb004200200003002000d41d07008b
:10e96400630047008040eb006011b800d01d070031
:10e97400630047008040eb004200200003002000b9
:10e98400cb1d0700630047008040eb0052002000cd
:10e9940003002000c61d0700630047008040eb0011
:10e9a4006011b800c21d0700630047008040eb00ff
:10e9b4005200200003002000bd1d07006300470033
:10e9c4008040eb006200200003002000b81d070017
:10e9d400630047008040eb006011b800b41d0700dd
:10e9e400630047008040eb00620020000300200029
:10e9f400af1d0700630047008040eb007200200059
:10ea040003002000aa1d0700630047008040eb00bc
:10ea14006011b800a61d0700630047008040eb00aa
:10ea24007200200003002000a11d070063004700be
:10ea34008040eb0082002000030020009c1d0700a2
:10ea4400630047008040eb006011b800981d070088
:10ea5400630047008040eb00820020000300200098
:10ea6400931d07006300470011c0b300120020008b
:10ea7400030020008e1d0700180037001e007800d8
:10ea84006101b800630047008040eb00881d070067
:10ea9400630047008040eb00420620000300200092
:10eaa400831d07006300470011c0b3004206200025
:10eab400030020007e1d07000800370063004700a4
:10eac4009e1f7800b1732b00811f780024cd0700ae
:10ead400e48757000100370000000000630047008e
:10eae400ca1a07000060fe0063004700801f780018
:10eaf40040742b00801f780060c0b30032230700ed
:10eb0400e48757004f0478000080fa0000000600f4
:10eb14002801fa002017990061679a000040eb0071
:10eb2400004f78000040eb00104798000000eb0015
:10eb340020079800e70047007f0009008058eb0099
:10eb44000040eb00604798000040eb00204798002d
:10eb54000040eb00304798002e1091001000780020
:10eb64005acd0700008f9800118f98000e889000ee
:10eb74009e889000200798002e009000a106200097
:10eb8400810f5000bf033200a1062000810f500006
:10eb94001b003e0041062000810f5000af003200f0
:10eba40041062000810f500008003e00fb0f50007a
:10ebb4002d00320041022000810f50003b00320042
:10ebc4000000e000fd033200f90337006106200075
:10ebd400810f5000a901320061062000810f50000e
:10ebe4002401390071062000810f50001f023200f9
:10ebf40091062000810f5000be023200ec03370062
:10ec040091082000810f50000d003e0021082000d3
:10ec1400810f5000da033100d1062000810f50002b
:10ec2400b2033200d1062000810f5000e003390006
:10ec34008007b100e70f5000dd033e00b703370043
:10ec4400c1082000810f5000d90339003109200088
:10ec5400810f5000d0033600810c2000810f50003a
:10ec6400b4033200d20337002e1091000080e80074
:10ec74001000780015cd0700208f9800318f980080
:10ec84002e10910064004000100078000fcd0700a2
:10ec9400408f9800518f9800100020000100200040
:10eca4006040880071408800c70337002e1091002f
:10ecb4000080e8001000780004cd0700208f980041
:10ecc400318f98002e1091006400400010007800ed
:10ecd400fecc0700408f9800518f98002e109100b1
:10ece4006600400010007800f8cc0700608f9800a0
:10ecf400718f98002e109100680040001000780079
:10ed0400f2cc070000979800119798002e109100fc
:10ed14006a00400010007800eccc070020979800af
:10ed2400319798002e899000be8990001000200031
:10ed340001002000800f5100818f590044003e00e3
:10ed44004e899000de899000f00f20000100200021
:10ed5400800f5100818f59003d003e006e89900064
:10ed6400fe899000f00f200001002000800f510068
:10ed7400818f590036003e000e9190009e919000c4
:10ed8400f00f200001002000800f5100818f5900f6
:10ed94002f003e002e919000be919000f00f2000b5
:10eda40001002000800f5100818f590028003e008f
:10edb4002e899000be8990001000200001002000e0
:10edc400800f5100818f590011003a004e88900045
:10edd400de88900000407800704799006e889000ab
:10ede400fe88900000407800004f99000e9090003b
:10edf4009e90900000407800104f99002e90900053
:10ee0400be90900000407800204f99000d0037001c
:10ee14002e889000be889000e00f5000e08f5800cc
:10ee240008003a000040eb00704799000040eb00f6
:10ee3400004f99000040eb00104f99000040eb0098
:10ee4400204f990010c0b300304798005e0337008c
:10ee540010c0b300004f78005b0337002e10910000
:10ee64000080e8001000780098cc0700208f9800fc
:10ee7400318f98002e10910064004000100078003b
:10ee840092cc0700408f9800518f98002e1091006b
:10ee940066004000100078008ccc0700608f98005a
:10eea400718f98002e1091006800400010007800c7
:10eeb40086cc070000979800119798002e109100b7
:10eec4006a0040001000780080cc0700209798006a
:10eed400319798002e1091006c00400010007800cb
:10eee4007acc070040979800519798002e10910013
:10eef4006e0040001000780074cc07006097980002
:10ef0400719798002e899000be899000100020000f
:10ef140001002000800f5100818f590052003e00f3
:10ef24004e899000de899000f00f2000010020003f
:10ef3400800f5100818f59004b003e006e89900074
:10ef4400fe899000f00f200001002000800f510086
:10ef5400818f590044003e000e9190009e919000d4
:10ef6400f00f200001002000800f5100818f590014
:10ef74003d003e002e919000be919000f00f2000c5
:10ef840001002000800f5100818f590036003e009f
:10ef94002e899000be8990001000200001002000fe
:10efa400800f5100818f59001a003a004e8890005a
:10efb400de88900000407800704799006e889000c9
:10efc400fe88900000407800004f99000e90900059
:10efd4009e90900000407800104f99002e90900071
:10efe400be90900000407800204f99004e90900011
:10eff400de90900000007800b08a88006e90900047
:10f00400fe9090008040780080152100014878002f
:10f01400120037002e889000be889000e00f500048
:10f02400e08f58000d003a000040eb007047990053
:10f034000040eb00004f99000040eb00104f990096
:10f044000040eb00204f99000000eb00b08a8800dc
:10f05400801521008040eb000148780010c0b30007
:10f0640030479800d802370010c0b300004f780032
:10f07400d50237002e1091000080e80010007800bf
:10f0840012cc0700208f9800318f98002e10910029
:10f0940064004000100078000ccc0700408f9800fa
:10f0a400518f98002e1091006600400010007800e7
:10f0b40006cc0700608f9800718f98002e10910085
:10f0c400680040001000780000cc0700009798000a
:10f0d400119798002e1091006a00400010007800eb
:10f0e400facb070020979800319798002e109100d2
:10f0f4006c00400010007800f4cb070040979800a3
:10f10400519798002e889000be889000e00f500020
:10f11400e08f5800560032002e899000be8990007e
:10f12400c000200001002000800f5100818f590091
:10f134004f003e004e889000de889000e00f5000a3
:10f14400e08f58004a0032004e899000de8990001a
:10f15400f001200001002000800f5100818f590030
:10f1640043003e006e899000fe89900080012000db
:10f1740001002000800f5100818f59003c003600af
:10f184006e899000fe899000300620000100200066
:10f19400800f5100818f590035003e000e91900080
:10f1a4009e9190007001200001002000800f51000a
:10f1b400818f59002e003e002e919000be91900048
:10f1c400b003200001002000800f5100818f5900fe
:10f1d40027003e004e919000de919000b003200085
:10f1e40001002000800f5100818f590020003e0053
:10f1f4002e889000be88900080407800e0152100a1
:10f20400014878004e889000de88900080407800a5
:10f21400d0152100014878006e889000fe88900087
:10f2240080007800007d200000804000008b880072
:10f234000e9090009e90900080407800a0152100d0
:10f24400014878002e909000be9090008040780095
:10f25400b0152100014878004e909000de90900097
:10f2640080407800c015210001487800560237001c
:10f2740010c0b300004f7800530237002e109100e5
:10f284000080e8001000780041cc0700f00f500027
:10f2940073003a002e1091000080e80010007800fe
:10f2a40080007800c0eb200032cc070000c1b3001e
:10f2b400c20c07002e10910064004000100078007a
:10f2c40080007800c0eb20002acc070020c1b300e6
:10f2d400ba0c07002e109100660040001000780060
:10f2e40080007800c0eb200022cc070040c1b300ae
:10f2f400b20c07002e109100680040001000780046
:10f3040080007800c0eb20001acc070060c1b30075
:10f31400aa0c07002e1091006a004000100078002b
:10f3240080007800c0eb200012cc070080c1b3003d
:10f33400a20c07002e1091006c0040001000780011
:10f3440080007800c0eb20000acc0700a0c1b30005
:10f354009a0c07002e1091006e00400010007800f7
:10f3640080007800c0eb200002cc0700a0c0b300ee
:10f37400920c07002e1091007000400010007800dd
:10f3840080007800c0eb2000facb070000c3b30074
:10f394008a0c07002e1091007200400010007800c3
:10f3a40080007800c0eb2000f2cb070040c3b3001c
:10f3b400820c07002e1091007400400010007800a9
:10f3c40080007800c0eb2000eacb0700a0c3b300a4
:10f3d4007a0c07002e10910076004000100078008f
:10f3e40080007800c0eb2000e2cb0700c0c2b3006d
:10f3f400720c07002e109100780040001000780075
:10f4040080007800c0eb2000dacb070060c4b300b2
:10f414006a0c07002e1091007a004000100078005a
:10f4240080007800c0eb2000d2cb0700a0c2b3005c
:10f43400620c07002e1091007c0040001000780040
:10f4440080007800c0eb2000cacb070020c3b300c3
:10f454005a0c070010c0b30010479800da013700b7
:10f4640010c0b300004f7800d70137002e10910070
:10f474000080e80010007800104078000004e000ec
:10f48400990032002e1091000080e80010007800ee
:10f4940080007800c0eb2000b6cb070020c2b30088
:10f4a400460c07002e109100640040001000780004
:10f4b40080007800c0eb2000aecb070040c2b30050
:10f4c4003e0c07002e1091006600400010007800ea
:10f4d40080007800c0eb2000a6cb070060c2b30018
:10f4e400360c07002e1091006800400010007800d0
:10f4f40080007800c0eb20009ecb070080c2b300e0
:10f504002e0c07002e1091006a00400010007800b5
:10f5140080007800c0eb200096cb0700e0c2b30067
:10f52400260c07002e1091006c004000100078009b
:10f5340080007800c0eb20008ecb070060c3b300ce
:10f544001e0c07002e1091006e0040001000780081
:10f5540080007800c0eb200086cb0700c0c3b30056
:10f56400160c07002e109100700040001000780067
:10f5740080007800c0eb20007ecb0700e0c3b3001e
:10f584000e0c07002e10910072004000100078004d
:10f5940080007800c0eb200076cb070000c4b300e5
:10f5a400060c07002e109100740040001000780033
:10f5b400c6ca070000007800e00b07002e10910077
:10f5c400760040001000780080007800c0eb200036
:10f5d40068cb0700c0c0b300f80b07002e109100e1
:10f5e400780040001000780080007800c0eb200014
:10f5f40060cb070060c0b300f00b07002e10910031
:10f604007a0040001000780080007800c0eb2000f1
:10f6140058cb070080c0b300e80b07002e10910000
:10f624007c0040001000780080007800c0eb2000cf
:10f6340050cb0700e0c0b300e00b07002e10910090
:10f644007e0040001000780080007800c0eb2000ad
:10f6540048cb070020c0b300d80b07002e10910040
:10f664000002b0001000780080007800c0eb200099
:10f6740040cb070040c0b300d00b07002e10910010
:10f684002002b0001000780080007800c0eb200059
:10f6940038cb0700c0c1b300c80b07002e1091007f
:10f6a4004002b0001000780080007800c0eb200019
:10f6b40030cb0700e0c1b300c00b07002e1091004f
:10f6c4006002b0001000780080007800c0eb2000d9
:10f6d40028cb070000c2b300b80b070010c0b3006a
:10f6e400104798003801370010c0b300004f78006d
:10f6f400350137002e1091000080e80010007800da
:10f7040072ca0700208f9800318f98002e10910044
:10f7140064004000100078006cca0700408f980015
:10f72400518f98002e109100660040001000780060
:10f7340066ca0700608f9800718f98002e109100a0
:10f74400680040001000780060ca07000097980025
:10f75400119798002e1091006a0040001000780064
:10f764005aca070020979800319798002e109100ec
:10f774006c0040001000780054ca070040979800bd
:10f78400519798002e1091006e00400010007800f0
:10f794004eca070060979800719798002e10910048
:10f7a400700040001000780048ca0700009f9800cd
:10f7b400119f98002e1091007200400010007800f4
:10f7c40042ca0700209f9800319f98002e10910094
:10f7d40074004000100078003cca0700409f980065
:10f7e400519f98002e109100760040001000780080
:10f7f40036ca0700609f9800719f98002e109100f0
:10f80400780040001000780030ca070000a7980074
:10f8140011a798002e1091007a0040001000780083
:10f824002aca070020a7980031a798007008200072
:10f834000e004000e3014000700820000e0040006c
:10f844000081e800700820000e0040008000e800fd
:10f85400700820000e004000030278008201780046
:10f8640001017800800078000040eb00a517070034
:10f874002e899000be899000100020000100200015
:10f88400800f5100818f590053003a007e4091004f
:10f894000081fb008001eb004e889000de88900020
:10f8a400800f5100818f590048003a000e489100a2
:10f8b4000081fb008001eb006e889000fe889000c0
:10f8c400800f5100818f590040003a001e4891007a
:10f8d4000081fb008001eb000e9090009e90900050
:10f8e400800f5100818f590038003a002e48910052
:10f8f4000081fb008001eb002e909000be909000f0
:10f90400800f5100818f590030003a004e919000d1
:10f91400de9190004e989000de989000800f510088
:10f92400818f590027003a006e919000fe9190005b
:10f934006e989000fe989000800f5100818f5900be
:10f9440020003a000e9990009e9990000ea090001d
:10f954009ea09000800f5100818f590019003a0039
:10f964002e999000be9990002ea09000bea0900009
:10f97400800f5100818f590012003a004e90900080
:10f98400de90900000407800704799006e909000df
:10f99400fe90900000407800004f99000e9890006f
:10f9a4009e98900000407800104f99002e98900087
:10f9b400be98900000407800204f990010c0b3001a
:10f9c40020479800000000007f00370010c0b300fb
:10f9d400004f78007c0037002e889000be8890008d
:10f9e400e00f5000e08f580023003a007e40910061
:10f9f4000081fb008001eb004e889000de889000bf
:10fa0400800f5100818f590018003a000e48910070
:10fa14000081fb008001eb006e889000fe8890005e
:10fa2400800f5100818f590010003a001e48910048
:10fa34000081fb008001eb000e9090009e909000ee
:10fa4400800f5100818f590008003a002e48910020
:10fa54000081fb008001eb002e909000be9090008e
:10fa6400800f5100818f59005600320010c0b3003e
:10fa7400004f78005400370010c0b300004f7800e6
:10fa8400510037002e1091000080e800100078002b
:10fa94008ec90700208f9800318f98002e8990001e
:10faa400be8990008000200001002000800f5100da
:10fab400818f59000a003e002e889000be88900075
:10fac40000407800351f07002e889000be88900003
:10fad4008040780090152100014878003a003700f2
:10fae40010c0b300004f780037003700e31307005d
:10faf4000004a2000004e0000500320010752b0091
:10fb0400801f780040c0b3002f1f07008f87e900d3
:10fb14000a08a9000a48a9002b0037002e0090000b
:10fb24008040780080c8b30000c04000604798005f
:10fb3400250037002e1091000080e80010007800a6
:10fb440062c90700208f9800318f98002e89900099
:10fb5400be8990001000200001002000800f510099
:10fb6400818f590003003a0010c1a8000000fe0074
:10fb74001500370010c0b300004f780012003700a2
:10fb840040762b00801f780060c0b3000e1f070072
:10fb94008f87e9000c00370040772b00801f780026
:10fba40060c0b300081f07008f87e9000600370014
:10fbb40010c0b300004f78000300370000000000bd
:10fbc40001003700000000001e4078000004e0003f
:10fbd4000800320067004700ae009000811f7800e3
:10fbe400b1732b00811f7800ddc80700e48757003c
:10fbf4000700370067004700ae009000811f7800bf
:10fc040071782b00811f7800d5c80700e48757005e
:10fc1400670047007d16070067004700801f7800d3
:10fc240040742b00801f780060c0b300e61e0700fc
:10fc3400e48757002e4090000004e0000a003200e0
:10fc4400ae4991001e4991008e4891007e4091007a
:10fc540003427800824178000141780080407800b6
:10fc64000040eb00881607003e4090000004e000ce
:10fc74000a003200ae4991001e4991008e4891005d
:10fc84007e4091000342780082417800014178006f
:10fc94008040780010c0b3007b1607003e409000ff
:10fca4000004e00003003a002e4090000004e0004d
:10fcb40044003200001220000e004000e301400026
:10fcc400001220000e0040000081e8000012200015
:10fcd4000e0040008000e800001220000e004000ea
:10fce4000302780082017800010178008000780026
:10fcf4000040eb00831607003e6092008081fb0009
:10fd04002e6092000081fb001e6092008080fb0048
:10fd14000e6092000080fb00831f7800821f780031
:10fd2400811f7800801f7800f0782b00801f7800f6
:10fd340070c0b300a41e0700ea8757000012200019
:10fd44000e004000e3014000001220000e004000bd
:10fd54000081e800001220000e0040008000e8004e
:10fd6400001220000e004000030278008201780097
:10fd7400010178008000780010c0b300611607000c
:10fd84003e6092008081fb002e6092000081fb00a7
:10fd94001e6092008080fb000e6092000080fb00d9
:10fda400831f7800821f7800811f7800801f7800ed
:10fdb400507a2b00801f780070c0b300821e0700a9
:10fdc400ea8757001e4090000004e0000100320062
:10fdd40055f507000080fa00000006000600fa004e
:10fde400881f7800200798002e0090008000eb0008
:10fdf40018c4070002002000f33724000bc50700d5
:10fe040002002800e33f240029c40700008fbe003d
:10fe140018c0b30002002000f33724001e00be0007
:10fe2400efc307000000e000010035000044eb00d0
:10fe34000804e000040032001e00be00eac307000c
:10fe4400004078000100370000c0eb004f04780048
:10fe54000080fa00000006000600fa00881f7800ff
:10fe6400200798002e0090008000eb00f9c30700e3
:10fe740002002000f3372400ecc4070032332d00c5
:10fe8400f34224000ac40700008fbe0018c0b30068
:10fe940002002000f33724001e00be00d0c3070078
:10fea4000000e000010035000044eb000804e0001d
:10feb400040032001e00be00cbc3070000407800df
:10fec4000100370000c0eb004f0478000080fa0006
:10fed400000006000c00fa00300798004107980063
:10fee400224f98000040eb00004f78000040eb00e8
:10fef40040479800420620008000eb00501a210081
:10ff0400a3c807002e4890000080fb004300dd00da
:10ff140064005000100798001f0037003e01900055
:10ff2400ce0190001e029000f002120004003b007b
:10ff34008502ea000518de008000eb0004003700ab
:10ff4400851add000410de00008072008418de00d3
:10ff5400004078006f406000404798009e80fb009e
:10ff64004e409000e94f500003003e004e40900088
:10ff74000043b000020037004e4090007043b000d0
:10ff8400521a210000f178001e4fe8001e00900074
:10ff940064005000100798001e0090000000e0006c
:10ffa400deff3d001e80fb00511a21000041eb00e2
:10ffb40082707800501a21000080fa0000000600c8
:10ffc4000a00fa0060479800410798000040eb00df
:10ffd400004f78000000eb00100798000040eb0091
:10ffe400404798000060fe0062012000b17b2b00b6
:10fff4004e0090005fc8070086c8bf000004a00040
:020000040001f9
:1000040086e8b70086c8bf000080fb00610060007e
:10001400004078000004e0001000320022c8bf0055
:100024000004e00009003a0086c8bf000080fb001d
:10003400801f7800107d2b00801f78004e009000f8
:10004400c7c70700e48757000400370002012000f7
:10005400217e2b004e00900046c8070086c8bf00d2
:10006400f043b20086e8b70086c8bf000004a000d1
:1000740086e8b70017c8bf00e14f500003003a00fc
:1000840086c8bf000064a00086e8b70017c8bf0098
:10009400e24f500003003a0086c8bf000074a0007d
:1000a40086e8b70017c8bf00e34f500005003a00c8
:1000b400618820009140780000ccb30000c070003b
:1000c40086e8b70020c0b300004f780086c8bf00a0
:1000d4000080fb00700060000000e00002003200bd
:1000e40040c0b300004f78003cc8bf00e14f50004f
:1000f40006003a0022c8bf000004e00003003a00f2
:1001040030c0b300004f78003c68ef0022c8bf0045
:100114000004e0000400320010c0b300004f780077
:1001240010c0b3002ee8b7001e80fb00e20f5000a1
:1001340046003200e20f500005003c000000e000e1
:100144000a003200e10f50001c003200b5003700f5
:10015400e40f50008e003200e40f500073003500ad
:10016400e50f5000a1003200ae003700618120008d
:100174009140780000cdb30000c0600016e8b700dd
:1001840024c8bf00ef40600016c8bf0000c0700064
:1001940016e8b70016c8bf000080fb008000eb0023
:1001a40012c0b3004bff0700100798009e00900098
:1001b4004e0090005ac807009a00370023c8bf00b9
:1001c4000004e000060032006181200091407800c4
:1001d40000c3b30000c0700016e8b7000300370086
:1001e40016c8bf000054a00016e8b70024c8bf001a
:1001f400ef40600016c8bf0000c0700016e8b700ea
:1002040016c8bf000080fb008000eb0012c0b300e2
:1002140030ff0700100798009e0090004e009000e9
:100224003fc8070022c8bf000080fb008000eb002d
:1002340012c0b30027ff0700100798009e0090002b
:100244004e00900036c80700760037006181200018
:100254009140780000cdb30000c0600016e8b700fc
:1002640024c8bf00ef40600016c8bf0000c0700083
:1002740016e8b70016c8bf000080fb008000eb0042
:1002840012c0b30013ff0700100798009e009000ef
:100294004e00900022c80700e0408000cffe070017
:1002a40071122100804878007012210010407800fb
:1002b4000080fb008000eb0012c0b30005ff0700c4
:1002c400100798009e0090004e00900014c807008c
:1002d400d0132100104078000004e0000a0032002e
:1002e40080122100104078000080fb008000eb00a9
:1002f40012c0b300f7fe0700100798009e0090009c
:100304004e00900006c807008040800091408000a5
:1003140042c0b300effe0700100798009e00900053
:100324004e009000fec707003e00370016c8bf000d
:100334000054a00016e8b70024c8bf00ef406000d6
:1003440016c8bf0000c0700016e8b70016c8bf008a
:100354000080fb008000eb0012c0b300ddfe07004c
:10036400100798009e0090004e009000ecc7070014
:1003740012c0b3006000b800d6fe07001007980052
:100384009e0090004e009000e5c70700250037004e
:10039400618120009140780000cdb30000c060006e
:1003a40016e8b70016c8bf000080fb008000eb0011
:1003b40012c0b300c7fe0700100798009e0090000b
:1003c4004e009000d6c707003041800041418000b4
:1003d40042c0b300bffe0700100798009e009000c3
:1003e4004e009000cec707000e0037002201200007
:1003f400217f2b004e0090005ec7070005c8bf0098
:100404000080fb008000eb0022c0b300b1fe0700b7
:10041400100798009e0090004e009000c0c707008f
:10042400000000004e009000d9c707004047980024
:100434004e4090000080fb00ce0090000080400001
:100444008040eb00014878002a68ef000080fa0041
:10045400000006000c00fa00500798000040eb0072
:10046400104798000040eb00004f78000040eb007c
:10047400204798000000eb00200798000000eb00e4
:10048400300798000000eb00400798000060fe0071
:10049400308a8000418a8000604088007140880072
:1004a400c20320008000eb005e00900038c7070004
:1004b40047f007000040eb00004f78002dc8bf0054
:1004c4000004e00003003a0010c0b3002de8b700b8
:1004d400120037002b1107000004e000080032006e
:1004e4000040eb00004f780040802b00801f780014
:1004f40080c0b300b41c07008f87e90007003700f1
:1005040010c0b300004f7800b0812b00801f78002a
:1005140040c0b300ac1c07008f87e9001e40780080
:100524000004e00027023a0016c8bf008080fb00e8
:1005340000042000008060000000e0000800320099
:100544001ac8bf000040e8001ae8b7001ac8bf0084
:10055400e44f50000200360040c0b3001ae8b70070
:100564004040800053c0b3000001780021832b0079
:100574000040eb009c1107000004e0000d003a006d
:1005840040408000d1c607003041880041418800c6
:100594003041800041418000809fbe0000842b00d8
:1005a400801f780060c0b300871c0700e6875700ef
:1005b400070037002628ef002828ef00e0852b00ed
:1005c400801f780040c0b3007f1c07008f87e900bc
:1005d4004040800053c0b3000001780041872b00e5
:1005e40010c0b300801107000004e00009003200cd
:1005f400804180000000a0008041880040882b00da
:10060400801f780040c0b3006f1c07008f87e9008b
:1006140005003700c0892b00801f780080c0b3001c
:10062400691c07008f87e9006f1007000004a2000f
:100634000004e0001c0032003ec8bf000040e80097
:100644003ee8b7003ec8bf000080fb00801f780072
:10065400108b2b00801f780040c0b3005a1c070089
:10066400e48757003fc8bf000004e00002003a00de
:1006740020c0b3003fe8b700001107000004a20047
:100684000004e0000500320010752b00801f780084
:1006940040c0b3004c1c07008f87e9000a08a9007a
:1006a4000a48a900010037003e68ef003010070037
:1006b4002007980042100700300798003610070002
:1006c400400798000060fe002e0090000000e0004b
:1006d40007003200ae009000811f7800808e2b004e
:1006e400801f780040c0b300371c0700e487570020
:1006f4004e0090000000e00007003200ce009000a1
:10070400811f780060902b00801f780040c0b300e8
:100714002d1c0700e48757003e0090000000e00015
:1007240007003200be009000811f780080922b00e9
:10073400801f780040c0b300231c0700e4875700e3
:100744000ac8bf00614060000004e0001d003a00d8
:100754007013210010407800804078000000eb0006
:10076400f61107000004e00007003a000a08a80098
:10077400a0942b00801f780060c0b300121c0700f7
:100784008f87e900060037000a08a90000962b00ad
:10079400801f780040c0b3000b1c07008f87e9005e
:1007a400111007000004a2000004e000050032005c
:1007b4003fc8bf000004e00002003a0030c0b300ac
:1007c4003fe8b7000ac8bf00644060000004e000ce
:1007d4001b003a0070132100104078004e130700ec
:1007e400ef4f500007003a0060972b00801f7800fd
:1007f40060c0b300f41b07008f87e9000a48a80013
:100804000600370080982b00801f780040c0b3009a
:10081400ed1b07008f87e9000a48a900f20f0700c3
:100824000004a2000004e000050032003fc8bf003d
:100834000004e00002003a0040c0b3003fe8b70003
:100844002e009000e40f500003003e003e00900094
:10085400e20f50005d003600804180000010a000cf
:10086400804188002e009000e40f500017003600ed
:100874003ec8bf000040e8003ee8b7003ec8bf00e5
:100884000080fb00801f7800a0992b00801f780057
:1008940040c0b300cc1b0700e48757007710070063
:1008a4000004a2000004e0000500320010752b00d3
:1008b400801f780040c0b300c31b07008f87e90086
:1008c4000a08a9000a48a900180037003e00900051
:1008d400e20f5000150036000000eb00bc0f0700cb
:1008e4003ec8bf000080fb00801f7800d09d2b0015
:1008f400801f780040c0b300b31b0700e487570093
:100904005e1007000004a2000004e00005003200ad
:1009140010752b00801f780040c0b300aa1b07008d
:100924008f87e9000a08a9000a48a9000060fe00b0
:100934007013210010407800804078000000eb0024
:100944007e1107000004e00007003a000a08a8002e
:10095400a0942b00801f780060c0b3009a1b07008e
:100964008f87e900060037000a08a90000962b00cb
:10097400801f780040c0b300931b07008f87e900f5
:100984007013210010407800e3120700ef4f50006d
:1009940007003a0060972b00801f780060c0b30006
:1009a400891b07008f87e9000a48a8000600370062
:1009b40080982b00801f780040c0b300821b070082
:1009c4008f87e9000a48a9000060fe004015210055
:1009d40010407800ef4f500016003a00804180002c
:1009e4000040a000804188000060fe0070132100d8
:1009f40010407800c8120700ef4f500007003a007b
:100a040060972b00801f780060c0b3006e1b070046
:100a14008f87e9000a48a8000600370080982b0059
:100a2400801f780040c0b300671b07008f87e90070
:100a34000a48a9006188200091407800c0cfb30023
:100a440000c0600086e8b70086c8bf000004a000ac
:100a540086e8b7002c0f0700304080008000780043
:100a64000040eb0056fd0700f0002000a041880084
:100a740030408000f2c0b300de009000ce100700ca
:100a8400204798002e4090000080fb00cf80de00bd
:100a94002201200003002000820f5000838f5800a1
:100aa4007d003e0000600100180037001f00370081
:100ab40024003700290037002e00370033003700a8
:100ac400390037003e003700430037004800370044
:100ad4004d00370052003700570037005c003700e4
:100ae400040037006c0037005f0037006a003700ed
:100af4006300370060a22b00801f780060c0b30041
:100b0400311b07008f87e90063003700de00900087
:100b1400811f7800e0a22b00801f780060c0b30022
:100b2400291b0700e48757005b003700e0a42b0073
:100b3400801f780040c0b300231b07008f87e900a3
:100b440055003700c0a52b00801f780040c0b300bb
:100b54001d1b07008f87e9004f00370090a72b006b
:100b6400801f780040c0b300171b07008f87e9007f
:100b74004900370050a92b00801f780040c0b30003
:100b8400111b07008f87e9004300370010ab2b00cf
:100b9400801f780040c0b3000b1b07008f87e9005b
:100ba4000a48a9003c00370010ad2b00801f7800d4
:100bb40040c0b300041b07008f87e90036003700ec
:100bc400d0ae2b00801f780040c0b300fe1a07008f
:100bd4008f87e9003000370060b02b00801f780059
:100be40040c0b300f81a07008f87e9002a003700d5
:100bf40070b22b00801f780040c0b300f21a0700c7
:100c04008f87e9002400370000b42b00801f780090
:100c140040c0b300ec1a07008f87e9001e003700bc
:100c240070b52b00801f780040c0b300e61a07009f
:100c34008f87e9001800370000b72b00801f780069
:100c440040c0b300e01a07008f87e90012003700a4
:100c5400a0b82b00801f780040c0b300da1a070048
:100c64008f87e9000c00370000ba2b00801f780042
:100c740040c0b300d41a07008f87e900060037008c
:100c8400a0bb2b00801f780040c0b300ce1a070021
:100c94008f87e900000000002e4090000004e0006f
:100ca400090032002e409000ee4f50000600320042
:100cb4004040800053c0b3000001780041872b00fe
:100cc40010c0b300c80f07000001eb008040eb0028
:100cd4000040eb00a6150700e0408800e0408000db
:100ce4003efc070071122100804878007012210038
:100cf400104078000080fb00801f780040bd2b006e
:100d0400801f780070c0b300af1a0700e487570053
:100d140000d4200031002000f61d0700b20e0700a9
:100d24000004a2000004e0001c0032003ec8bf0022
:100d34000040e8003ee8b7003ec8bf000080fb006a
:100d4400801f780040be2b00801f780040c0b30095
:100d54009d1a0700e4875700480f07000004a2000b
:100d64000004e0000500320010752b00801f78009d
:100d740040c0b300941a07008f87e9000a08a9004d
:100d84000a48a9003fc8bf000004e00004003a007c
:100d940010c0b3003fe8b700010037003e68ef0021
:100da400220f07000060fe002e4090000004e000c7
:100db40002003a0010c0b300460037000040eb00c8
:100dc400440037003ec8bf000040e8003ee8b700da
:100dd4003ec8bf000080fb00801f7800b0c02b001d
:100de400801f780040c0b300771a0700e4875700db
:100df400220f07000004a2000004e00006003200f5
:100e040010752b00801f780040c0b3006e1a0700d5
:100e14008f87e9000500370020c42b00801f78006d
:100e240080c0b300681a07008f87e9000a08a90088
:100e34000a48a9007013210010407800804078000f
:100e4400100020003d1007000004e00007003a00f5
:100e54000a08a800a0942b00801f780060c0b3008b
:100e6400591a07008f87e900060037000a08a9000d
:100e740000962b00801f780040c0b300521a070070
:100e84008f87e9007013210010407800a211070039
:100e9400ef4f500007003a0060972b00801f780046
:100ea40060c0b300481a07008f87e9000a48a80009
:100eb4000600370080982b00801f780040c0b300e4
:100ec400411a07008f87e9000a48a900d70e0700d6
:100ed4001e4090000080fa00000006000000fa00a6
:100ee40020c52b00801f780040c0b300361a0700cd
:100ef4008f87e9000080fa00000006000200fa0073
:100f04000040eb00004f780030c0b3001047980059
:100f14003c0707000004e00018003a000040eb0022
:100f2400004f78000060fe0000f02900410220001c
:100f3400701d07000060fe0000f02900410220003f
:100f44006c1d07000060fe0000f029004102200033
:100f5400681d07000060fe0000f029004102200027
:100f6400641d07000060fe0000f02900410220001b
:100f7400601d07000060fe000200370010c0b300cf
:100f8400004f78001e4090000040e9001047980090
:100f94001e4078000004e00003003a001e40900068
:100fa4000004e000daff3a001e4078000004e0008c
:100fb4000200320010c0b300010037000040eb0013
:100fc4000080fa00000006000000fa00c426a90010
:100fd400c826a80000fa200001002000451d0700d3
:100fe400c826a9000080fa00000006000000fa00ec
:100ff4007826a9008d86a90075c6a90079c6a9001e
:10100400b426a9000080fa00000006000200fa00dd
:1010140080ccb300004f78000001eb008040eb006f
:101024000040eb00d2140700e0408800e14080005b
:10103400f0192000808f50000600360080c72b0076
:10104400801f780070c0b300df1907008f87e900a4
:10105400080037001e4fe90000482800e101200085
:10106400241d07000060fe001e4078000004e0001c
:10107400e9ff3a001e4078000004e00002003a0054
:101084000040eb000100370010c0b3000080fa00fc
:10109400000006000000fa00c01521008040eb00ab
:1010a40001487800b0152100104078008040e80025
:1010b400b015210001487800b01521009040780057
:1010c400c0c3b30080cf500053003a00a0152100e4
:1010d400104078008040e800a01521000148780005
:1010e400b01521008040eb0001487800a0152100d4
:1010f40010407800f84f500047003a00a015210036
:101104008040eb0001487800d015210010407800a1
:101114008040e800d015210001487800d015210056
:1011240010407800fd4f500008003a00e0152100ff
:1011340010407800e24f500004003a00008b800019
:10114400630060000000e00021003a00d015210097
:1011540010407800fe4f500004003a00e0152100d2
:1011640010407800e24f500019003200d0152100e1
:1011740010407800ff4f500010003a00e0152100a5
:1011840010407800e44f500011003200e0152100b7
:1011940010407800e64f50000d003200e0152100a9
:1011a40010407800e94f500009003200e01521009a
:1011b40010407800eb4f500005003200d01521009c
:1011c4009040780000c2b30080cf500012003a0073
:1011d400e0152100104078008040e800e01521006f
:1011e40001487800d015210011c0b30001487800ef
:1011f400e015210010407800ed4f500006003a0041
:10120400008b80000000e800008b8800e0152100be
:1012140011c0b300014878000080fa000000060005
:101224000800fa000040eb00204798000e14070065
:1012340005e8b700bd1c07009a60a90060c0b300b0
:1012440056190700001020004037880050c82b00b2
:10125400801f780060c0b3005b1907008f87e90026
:1012640070252b00801f780080ca2b00801f780017
:1012740060c0b30054190700e487570050c82b001e
:10128400801f780060c0b3004f1907008f87e90002
:101294005eff07000004a2000004e0000a00320020
:1012a400c0cb2b00801f780030c0b3004619070064
:1012b4008f87e90000482800e10120008d1c070009
:1012c4000060fe00fbff3700a0732500421b0700ef
:1012d400807b2500a71a0700070d0700304088000f
:1012e400100d0700404088004b1b070005c8bf00d5
:1012f400d213070051802000914078008180fb00c8
:10130400801f7800811f780090cd2b00801f78000b
:1013140010c0b3002c190700e68757003668ef00a9
:101324000001eb008040eb000040eb0010140700cc
:10133400e0408800e0408000a8fa07007112210014
:101344008048780070122100104078008080fb00f3
:10135400e0408000811f7800801f780060cf2b0060
:10136400801f780060c0b30017190700e687570094
:1013740000c5b300921807000004e0000f0032001b
:10138400defe07000004e00006003200c0d22b009d
:10139400801f780060c0b3000b1907008f87e90035
:1013a4000b00370030d42b00801f780030c0b3000e
:1013b400051907008f87e90005003700a0d52b0029
:1013c400801f780030c0b300ff1807008f87e90042
:1013d400d0d62b00801f780060c0b300fa18070035
:1013e4008f87e900d0ef07003f040700d041880051
:1013f400d0418000c041880010c0b300ee03070054
:1014040080408800914088008040800091408000a6
:10141400809fbe00c0d72b00801f780060c0b3003f
:10142400e9180700e68757001668ef00a10f2000af
:10143400a0c0b3009b1407000040eb0030479800a5
:10144400f0d82b00801f780010c0b300de1807000e
:101454008f87e900f0c0b300b10907003047980056
:101464003e4090000004e00006003a0030db2b0010
:10147400801f780010c0b300d31807008f87e900dd
:101484001d0037003e409000e24f50000c003a002f
:10149400f0dc2b00801f780010c0b300ca180700ce
:1014a4008f87e9005b0b070000df2b00801f7800ab
:1014b40010c0b300c41807008f87e9000e0037007e
:1014c4003e409000e34f50000b003a0020e02b0018
:1014d400801f780010c0b300bb1807008f87e90095
:1014e4007efe070000df2b00801f780010c0b300d1
:1014f400b51807008f87e9000060fe000a68a9009c
:101504005e0d07000004a2000004e00007003200a2
:101514000a68a80080e12b00801f780040c0b30057
:10152400a91807008f87e90005003700f0e22b00b7
:10153400801f780060c0b300a31807008f87e900fc
:101544004040800053c0b3000001780061e42b00e8
:101554000040eb00a40d0700701321001040780038
:101564008040780010002000740e07000004e000a2
:1015740007003a000a08a800a0942b00801f7800f6
:1015840060c0b300901807008f87e9000600370099
:101594000a08a90000962b00801f780040c0b30001
:1015a400891807008f87e900701321001040780024
:1015b400d90f0700ef4f500007003a0060972b0047
:1015c400801f780060c0b3007f1807008f87e90090
:1015d4000a48a8003100370080982b00801f78004b
:1015e40040c0b300781807008f87e9000a48a900b3
:1015f400540c0700404798004e409000e14f5000c3
:1016040005003a00f00f200001002000604088002f
:1016140071408800210037004e409000e24f500096
:1016240005003a00201c20000100200060408800d2
:1016340071408800190037004e409000e34f50007d
:1016440005003a0040382000010020006040880076
:1016540071408800110037004e409000e44f500064
:1016640005003a00807020000100200060408800de
:1016740071408800090037004e409000e44f50004c
:101684000600360000e120000100200060408800d0
:101694007140880050c0b3002f0c070050898000af
:1016a400c0408800508a8000618a80000000780071
:1016b40020448800908980000041880000e52b00c8
:1016c400801f780060c0b3003f1807008f87e900cf
:1016d4009a60a800481a070000a32200000f7800af
:1016e40001003700000000000060fe0000408000a0
:1016f400e10f50001f003200e10f500005003900d7
:10170400e20f500042003200e30f50007600320036
:1017140083003700b0338000610060000000e00007
:101724007f003a0040c8bf000004a2000004e000ab
:101734007b00320000d42000310020006d1b070024
:10174400b0338000610060000000e00008003a004f
:10175400100020000040880010c0b30040e8b7002b
:10176400801621008040eb0001487800010037001a
:101774004068ef009800a9009a60a90010002000ba
:10178400010020006040880071408800b0e72b0011
:10179400801f780060c0b3000b1807008f87e90032
:1017a4000060fe00b50c070000d4200031002000ca
:1017b400501b07009d0c07000060fe00410620003e
:1017c40050c0b300b71307000060fe0000a821005a
:1017d40061002000471b07000060fe0000a82100f4
:1017e40061002000431b07000060fe0000a82100e8
:1017f400610020003f1b07000060fe009a80a800e3
:101804002000200000408800bf1907004400370072
:10181400401621008040eb0001487800801621002a
:10182400104078000004e00015003200b1190700f0
:10183400801621008040eb000148780020e92b004d
:10184400801f780060c0b300df1707008f87e900ae
:1018540020ea2b00801f780060c0b300da1707006d
:101864008f87e9004106200050c0b3008d130700a4
:1018740030002000004088004068ef002800370056
:101884009c190700d0fd07001e0fe9001e00780018
:101894000000e0000b003a0000a32200000f7800d3
:1018a400380c07000004a2000004e000010032002c
:1018b400720c070000d42000310020000d1b07002b
:1018c4005a0c0700901907001181a8000040fe007f
:1018d4000000000000000000000000000000000004
:1018e4000000000080ff37000a08a9000a48a90088
:1018f400620c07004168ef002d68ef000c28ef0030
:101904000e28ef000000eb00908a88000028ef000a
:101914009800a8009a80a9009a60a800000000001e
:10192400004080000000e0006eff3a0050162100e5
:10193400104078000004e0000e0032005016210030
:101944008040eb0001487800804080009140800096
:10195400e7e907008040800091408000809fbe003e
:1019640080eb2b00801f780080c0b300961707001f
:10197400e687570060162100104078000004e0005c
:101984000b003200601621008040eb000148780013
:101994005012210011c0b3000148780020ee2b0042
:1019a400801f780080c0b300871707008f87e90085
:1019b40070162100104078000004e0000800320096
:1019c400701621008040eb000148780080ef2b0066
:1019d400801f780080c0b3007b1707008f87e90061
:1019e400c04080000000e00009003a00c01221005d
:1019f400104078000004e00004003a00d0122100f6
:101a0400104078000004e00001003200ebe9070018
:101a140040162100104078000004e000a8003200c5
:101a2400401621008040eb000148780062408000ad
:101a3400734080004218dd00ce10de00810070008b
:101a44004210dd00809fbe00e0f02b00801f780074
:101a540080c0b3005c170700e68757000ac8bf00c0
:101a6400614060000004e000090032000ac8bf00c1
:101a7400644060000004e000050032003ec8bf007e
:101a8400e44f500002003e004ffd07000500370000
:101a9400d0f22b00801f780080c0b3004a170700e3
:101aa4008f87e90020162100104078000004e00030
:101ab4004c003200201621008040eb0001487800e1
:101ac400058b8000e0152100104078000082fb00a7
:101ad400d0152100104078008081fb00c015210042
:101ae400104078000081fb00b01521001040780000
:101af4008080fb00a0152100104078000080fb00ce
:101b0400851f7800841f7800831f7800821f780067
:101b1400811f7800801f780070f72b00801f7800e9
:101b240070c0b30028170700ee8757003fc8bf00f6
:101b34000080fb00e20f500018003200e20f50005a
:101b440005003c000000e00008003200e10f5000f6
:101b54000c00320023003700e30f50001500320060
:101b6400e40f5000190032001e00370040fa2b0029
:101b7400801f780060c0b300131707008f87e90047
:101b84001800370040fb2b00801f780060c0b300b2
:101b94000d1707008f87e9001200370010fe2b0095
:101ba400801f780060c0b300071707008f87e90023
:101bb4000c003700d0ff2b00801f780060c0b300fa
:101bc400011707008f87e9000600370020022c0068
:101bd400801f780060c0b300fb1607008f87e90000
:101be40000000000908a80000000e0000c003a0031
:101bf40000a32200908a880086c8bf000044a00089
:101c040086e8b70040152100104078000004e00089
:101c140003003a004015210011c0b30001487800c8
:101c2400204480000000e00025003a00d013210089
:101c3400104078000004e00021003200508a800047
:101c4400618a8000000078002044880030042c0061
:101c5400801f780060c0b300db1607008f87e9009f
:101c6400f0898000000178008040eb0010c0b300d0
:101c7400bf1107003007980050062c00801f780021
:101c840060c0b300d01607008f87e9003e009000c3
:101c940071f8070081122100804878008012210029
:101ca400104078000080fb00801f780080072c0023
:101cb400801f780060c0b300c3160700e487570094
:101cc4006040800071408000e00f5000e08f5800b9
:101cd40038003a0090162100def907000004e00005
:101ce4001b00320090162100801f780090082c0001
:101cf400801f780060c0b300b3160700e487570064
:101d0400c182200090162100b6e407002047980005
:101d14002e409000e34f500007003a0010002000ce
:101d240001002000604088007140880080418000ec
:101d34000030a000804188002e409000e44f500005
:101d440003003a0086c8bf000034a00086e8b7004c
:101d540041c8bf00e44f500016003e0062408000be
:101d640073408000f000200001002000800f51002b
:101d7400818f59000f00360041c8bf000040e800c1
:101d840041e8b70041c8bf000080fb00801f780015
:101d940090092c00801f780080c0b3008a160700c9
:101da400e4875700f0002000010020006040880014
:101db400714088001181a8000040fe00000000006e
:101dc40000000000000000000000000046fe370094
:101dd4000000fa006fc8bf000080fa00000006008f
:101de4000200fa00004f78001e417800f1862000be
:101df400824878000080fa00000006000400fa001f
:101e0400100798000040eb00004f78000060fe00cf
:101e14000e0178009e00900000c5b300071607006d
:101e24000004e00009003a009e009000811f780041
:101e3400c00a2c00801f780060c0b300621607003f
:101e4400e487570010c0b300e5ff07001e40780088
:101e54000080fa00000006000400fa00000f780079
:101e6400214798000060fe002e4090000041780059
:101e74009e00780000c5b3001e1607000004e000b1
:101e84000b003a002e4090000000fb00801f7800f9
:101e94009e1f7800700d2c00801f780060c0b30076
:101ea40049160700e687570010c0b300ccff0700af
:101eb4000080fa00000006000800fa0020079800dd
:101ec40061479800724798000040eb002047980053
:101ed4000040eb00004f78000040eb0010479800f2
:101ee4007e4090000004e00002003a0010c0b300fd
:101ef400704798000060fe001e4078000004a200b5
:101f04000004e000180032000e80e80000017800b0
:101f1400ae00900000c5b300c81507000004e0003f
:101f24000800320010c0b300004f7800ae409000ab
:101f34006e40900080cf50000b003a0010c0b300f8
:101f440041003700f0102c00801f780030c0b3002f
:101f54001d1607008f87e9007e4090000040e900cd
:101f6400704798002d0037000060fe001e4090006e
:101f74000004a2000004e0001000320000c42900a4
:101f8400010020005b1907006e419000ae00900034
:101f940000c5b300d71507000004e00003003200b9
:101fa40010c0b30010479800040037007e40900032
:101fb4000040e90070479800180037000060fe00f8
:101fc4000e80e80000017800ae00900000c5b30068
:101fd4009a1507000004e0000c003200ae409000a7
:101fe4006e40900080cf500002003a0010c0b30051
:101ff400150037000040eb00104798007e40900029
:102004000040e90070479800040037007e409000cb
:102014000040e90070479800000000007e409000f6
:102024000004e000b3ff3a0090132c00801f7800f6
:1020340060c0b300e41507008f87e90010c0b30047
:1020440067ff07000040eb000080fa000000060074
:102054000600fa000040eb00404798000040eb0007
:10206400004f78000040eb00204798000060fe001d
:102074000040eb00404798000040eb0010479800f8
:102084000060fe001e4090000080fb00c1f12000b3
:1020940061417800524798001e80fb009e409000ea
:1020a4000181fb007e00b9000000780002004000be
:1020b400b1182c00e14078005e40900080cf5000c1
:1020c40003003a001e409000fd4f5000030036000c
:1020d40010c0b30040479800030037001e40900032
:1020e4000040e80010479800de409000d0c3b300e1
:1020f40080cf5000070032004e4090000004a20040
:102104000004e000030032001e409000fd4f500028
:10211400dbff36004e4090000004e0000100320076
:102124001e4fe800de409000d0c3b30080cf5000c3
:102134000700320090c4b3009e40780080cf500066
:1021440003003e004e4090000004e000c7ff3a0048
:10215400de409000d0c3b30080cf50002e003a0080
:102164001e4090000080fb00c1f12000e140780097
:10217400f0c3b30080cf500003003a001e40e800d3
:1021840020479800240037001ec0e800204798002c
:102194000040eb00304798003e4090000080fb0078
:1021a4009e4090008180fb00c2f1200062c1780053
:1021b400c1eb2000827078003e4090000040e800af
:1021c400304798001e4090000040e80010479800f7
:1021d4001e4090000080fb00c1f1200061407800a7
:1021e400ed4f5000070032001e4090000080fb00bd
:1021f4000000e800c1f1200061407800ea4f50007f
:10220400e5ff3a003e4090000080fb00c1eb200057
:102214000041eb00827078002e4090000004e00042
:1022240002003a000040eb00010037002e4090000d
:102234000080fa00000006000800fa0040479800f9
:10224400310798000040eb00004f78000000eb00dd
:10225400100798000060fe00be009000110798006f
:102264000040eb00004f78001f0037001e80fb0089
:10227400c1eb20006140780032c0b3008040780098
:102284001e0090000cff07000004a2000004e00000
:10229400110032001e80fb00c1eb20006140780079
:1022a4000000fb00801f78009e009000811f7800d2
:1022b40070a32c00801f780030c0b30042150700c3
:1022c400e68757000060fe0010c0b30076e8b70050
:1022d4000040eb000a0037001e0090000000e800f8
:1022e400100798001e4fe8004e4090009e40780072
:1022f40080cf5000ddff39007668ef0010c0b300d6
:102304000080fa00000006000a00fa006047980006
:10231400410798000060fe00ce009000110798006d
:102324000040eb00004f7800190037001e009000b9
:10233400b2fe0700404798004e409000ff4f500007
:1023440004003400ce409000f0c7b30080cf5000aa
:1023540003003a001e009000a8fe070040479800c2
:102364001e80fb00c1eb20004e419000827078007b
:102374001e80fb0001ee20004e4190008270780028
:102384001e0090000000e800100798001e4fe800af
:102394006e4090009e40780080cf5000e3ff3900eb
:1023a4001e80fb00c1eb20000041eb00827078002e
:1023b4000080fa00000006000800fa006047980058
:1023c4000040eb00404798000040eb005047980065
:1023d4006000b800008fbe006e4090000080fb00db
:1023e400e10f50003a003a005003200083fe07003a
:1023f400404798004e4090000080fb00400bb00026
:102404007efe0700504798005e4090000080fb006d
:102414008000eb00008fbe004e4090000080fb0067
:10242400c008b00075fe0700504798001e00be00ab
:102434004809dd00c801de00830171004801dd00a8
:102444005e4090000080fb008000eb00001f410014
:10245400019749004e4090000080fb004006b00008
:1024640066fe0700504798001e00be004809dd00c4
:10247400c801de00830171004801dd005e40900068
:102484000080fb008000eb00001f41000197490021
:102494004e4090000080fb00c003b00057fe0700d0
:1024a400504798001e00be004809dd00c801de0048
:1024b400830171004801dd005e4090000080fb0054
:1024c4008000eb00001f4100019749000300370022
:1024d4006000b800008fbe00000000001e00be00b7
:1024e4000080fa00000006000400fa000000eb007f
:1024f400000f78000040eb0020479800501b20009c
:102504003efe0700204798002e4090000080fb000c
:102514004800dd00000f7800401b200037fe070054
:10252400204798002e4090000080fb001e0f4000c2
:102534001e0078000080fa00000006000400fa0083
:102544001007980010c0b300004f78000040eb0063
:10255400104798001e0090004800de0010479800c5
:1025640032c0b3009e409000501b200052fe070072
:102574000004a2000004e000020032000040eb006e
:10258400004f78001e0090001047980032c0b3003e
:102594009e409000401b200047fe07000004a2005c
:1025a4000004e000020032000040eb00004f78001d
:1025b4001e4078000080fa00000006000400fa00c3
:1025c400204798000040eb00004f78000060fe00b8
:1025d4002e4090000080fb006101b9000080eb00f8
:1025e4008080eb00020040008380480092042000b9
:1025f40003002000820f5000838f58007e013e00ac
:1026040000600100490037004c0037004f003700dc
:102614005200370055003700580037005b00370080
:102624005e00370061003700640037006700370040
:102634006a0037006d003700700037007300370000
:1026440076003700790037007c0037007f003700c0
:102654008200370085003700880037008b00370080
:102664008e00370091003700940037009700370040
:102674009a003700b0003700b3003700b6003700c7
:10268400b9003700bc003700bf003700c200370074
:10269400c5003700c8003700cb003700ce00370034
:1026a400d1003700d4003700d7003700da003700f4
:1026b400dd003700e0003700e3003700e6003700b4
:1026c400e9003700ec003700ef003700f200370074
:1026d400f5003700f8003700fb003700fe00370034
:1026e400010137003c0137003f0137000201370088
:1026f40005013700080137000b0137000e013700d0
:102704001101370014013700170137001a0137008f
:102714001d0137002001370023013700360137003f
:10272400350137002401370027013700810c2000d0
:10273400a0c0b300f4fe07002f013700810c200075
:10274400a0c0b300bcfe07002b013700210d200000
:1027540050c0b300ecfe070027013700210d200014
:1027640050c0b300b4fe070023013700710d2000f0
:1027740030c0b300e4fe07001f013700710d2000d4
:1027840030c0b300acfe07001b013700a10d2000d0
:1027940050c0b300dcfe070017013700a10d200074
:1027a40050c0b300a4fe070013013700f10d200050
:1027b40010c0b300d4fe07000f013700f10d200054
:1027c40010c0b3009cfe07000b013700010e20006f
:1027d40010c0b300ccfe070007013700010e200033
:1027e40010c0b30094fe070003013700110e20004f
:1027f40060c0b300c4fe0700ff003700110e2000c4
:1028040060c0b3008cfe0700fb003700710e20008f
:1028140000c1b300bcfe0700f7003700710e2000b2
:1028240000c1b30084fe0700f3003700710f2000dd
:1028340080c0b300b4fe0700ef003700710f200022
:1028440080c0b3007cfe0700eb003700f10f2000ce
:1028540000c2b300acfe0700e7003700f10f200010
:1028640000c2b30074fe0700e3003700f11120003a
:1028740000c2b300a4fe0700df003700f1112000fe
:1028840000c2b3006cfe0700db003700f113200028
:1028940000c2b3009cfe0700d7003700f1132000ec
:1028a40000c2b30064fe0700d3003700f115200016
:1028b40000c1b30094fe0700cf003700f1152000db
:1028c40000c1b3005cfe0700cb003700f116200006
:1028d40010c0b3008cfe0700c7003700f1162000bb
:1028e40010c0b30054fe07005003200043fd07004e
:1028f400004f78001e80fb00c003b0008040eb0056
:1029040055fd07001e80fb004006b0008040eb0030
:1029140051fd07001e80fb00c008b0008040eb00a2
:102924004dfd07001e80fb00400bb0008040eb0013
:1029340049fd0700b00037000117200010c0b300a4
:1029440071fe0700ac0037000117200010c0b3006f
:1029540039fe0700a80037001117200010c0b3008b
:1029640069fe0700a40037001117200010c0b3004f
:1029740031fe0700a00037002117200010c0b3006b
:1029840061fe07009c0037002117200010c0b3002f
:1029940029fe0700980037003117200010c0b3004b
:1029a40059fe0700940037003117200010c0b3000f
:1029b40021fe0700900037004117200040c0b300fb
:1029c40051fe07008c0037004117200040c0b300bf
:1029d40019fe0700880037008117200040c0b300ab
:1029e40049fe0700840037008117200040c0b3006f
:1029f40011fe070080003700c117200010c0b3008b
:102a040041fe07007c003700c117200010c0b3004e
:102a140009fe070078003700d117200020c0b3005a
:102a240039fe070074003700d117200020c0b3001e
:102a340001fe070070003700f117200050c0b300fa
:102a440031fe07006c003700f117200050c0b300be
:102a5400f9fd0700680037004118200030c0b300ba
:102a640029fe0700640037004118200030c0b3007d
:102a7400f1fd0700600037007118200010c0b3009a
:102a840021fe07005c0037007118200010c0b3005d
:102a9400e9fd0700580037008118200010c0b3007a
:102aa40019fe0700540037008118200010c0b3003d
:102ab400e1fd0700500037009118200010c0b3005a
:102ac40011fe07004c0037009118200010c0b3001d
:102ad400d9fd070048003700a118200080c0b300ca
:102ae40009fe070044003700a118200080c0b3008d
:102af400d1fd070040003700a1192000a0c0b30099
:102b040001fe07003c003700a1192000a0c0b3005b
:102b1400c9fd070038003700411a2000a0c0b300e7
:102b2400f9fd070034003700411a2000a0c0b300ab
:102b3400c1fd070030003700e11a200020c0b300b7
:102b4400f1fd07002c003700e11a200020c0b3007b
:102b5400b9fd070028003700011b200010c0b30096
:102b6400e9fd070024003700011b200010c0b3005a
:102b7400b1fd070020003700111b200010c0b30076
:102b8400e1fd07001c003700111b200010c0b3003a
:102b9400a9fd070018003700211b200020c0b30046
:102ba400d9fd070014003700211b200020c0b3000a
:102bb400a1fd070010003700611b200000c1b30015
:102bc400d1fd07000c003700611b200000c1b300d9
:102bd40099fd0700080037002119200080c0b300c8
:102be400c9fd0700040037002119200080c0b3008c
:102bf40091fd070000000000c0eb20000080fa00f7
:102c0400000006000a00fa000040eb00004f7800c4
:102c14000000eb00100798000040eb0040479800cc
:102c24000040eb00504798000040eb0060479800dc
:102c34000040eb00704798000040eb00004f980004
:102c44000040eb0066fc07000000eb006bfc070093
:102c5400404798001000200068fc07005047980087
:102c64002000200065fc0700604798003000200029
:102c740062fc070070479800400020005ffc0700da
:102c8400004f9800ce40900010c8b30080cf500091
:102c940011003a00de40900020c4b30080cf500001
:102ca4000d003a00ee40900040c2b30080cf5000c7
:102cb40009003a007e409000f84f500006003a00a8
:102cc4008e48900030ccb30080cf500002003a0010
:102cd4000060fe00d80137000060fe00e0a52c0073
:102ce400801f780080c0b300b71207008f87e90007
:102cf4008040eb002003200057fc07008040eb00dd
:102d04003003200054fc07008040eb004003200007
:102d140051fc07000060fe008040eb0050032000df
:102d24004dfc070040a82c00801f780080c0b30031
:102d3400a51207008f87e90062012000e1a92c0099
:102d4400c0eb20000bbd0700a0c4b3001bfe0700ae
:102d540040ab2c00801f780080c0b3009a1207009b
:102d64008f87e90092002000e1ac2c00c0eb20002a
:102d740000bd070020c0b30010fe070070ad2c009a
:102d8400801f780080c0b3008f1207008f87e9008e
:102d94006200200081ae2c00c0eb2000f5bc0700cf
:102da40040c0b30005fe0700e0ae2c00801f780091
:102db40080c0b300841207008f87e900320020002e
:102dc40071b02c00c0eb2000eabc070060c0b30067
:102dd400fafd0700a0b02c00801f780080c0b3006b
:102de400791207008f87e9006200200081ae2c0071
:102df400c0eb2000dfbc070080c0b300effd07007c
:102e04000060fe00a0b22c00801f780080c0b300d8
:102e14006d1207008f87e90022002000b1b32c0057
:102e2400c0eb2000d3bc0700a0c0b300e3fd070043
:102e3400d0b32c00801f780080c0b300621207005a
:102e44008f87e9002200200041b52c00c0eb200050
:102e5400c8bc0700c0c0b300d8fd070060b52c0093
:102e6400801f780080c0b300571207008f87e900e5
:102e740042002000c1b62c00c0eb2000bdbc0700fe
:102e8400e0c0b300cdfd070000b72c00801f780020
:102e940080c0b3004c1207008f87e90012012000a4
:102ea40061b82c00c0eb2000b2bc070000c1b30025
:102eb400c2fd070070b92c00801f780080c0b300e9
:102ec400411207008f87e90092002000e1ba2c002c
:102ed400c0eb2000a7bc070020c1b300b7fd07006a
:102ee40070bb2c00801f780080c0b300361207002e
:102ef4008f87e90012022000e1bc2c00c0eb200007
:102f04009cbc070080c1b300acfd07000060fe005c
:102f1400f0be2c00801f780080c0b3002a12070086
:102f24008f87e9001201200051c02c00c0eb200063
:102f340090bc0700a0c1b300a0fd070060c12c0035
:102f4400801f780080c0b3001f1207008f87e9003c
:102f540012022000e1bc2c00c0eb200085bc07005d
:102f640040c1b30095fd070010c32c00801f7800fa
:102f740080c0b300141207008f87e90012022000fa
:102f8400e1bc2c00c0eb20007abc070060c1b30098
:102f94008afd070080c42c00801f780080c0b30025
:102fa400091207008f87e90022002000b1b32c002a
:102fb400c0eb20006fbc0700c0c1b3007ffd070059
:102fc400f0c52c00801f780080c0b300fe110700fc
:102fd4008f87e9002200200041b52c00c0eb2000bf
:102fe40064bc0700e0c1b30074fd070060c72c0097
:102ff400801f780080c0b300f31107008f87e900b9
:103004002200200041b52c00c0eb200059bc070071
:1030140000c2b30069fd0700f0c82c00801f7800cf
:1030240080c0b300e81107008f87e9002200200068
:1030340041b52c00c0eb20004ebc070020c2b300f9
:103044005efd070050ca2c00801f780080c0b300ca
:10305400dd1107008f87e9002200200041b52c0014
:10306400c0eb200043bc070040c2b30053fd07007f
:10307400c0cb2c00801f780080c0b300d2110700a1
:103084008f87e90052002000c1cc2c00c0eb200047
:1030940038bc0700e0c2b30048fd070010cd2c0087
:1030a400801f780080c0b300c71107008f87e90034
:1030b4005200200041ce2c00c0eb20002dbc0700a4
:1030c40060c2b3003dfd070090ce2c00801f780045
:1030d40080c0b300bc1107008f87e90052002000b4
:1030e400c1cc2c00c0eb200022bc070080c2b3007e
:1030f40032fd0700b0cf2c00801f780080c0b300e1
:10310400b11107008f87e9002200200031d12c0083
:10311400c0eb200017bc0700a0c2b30027fd0700c6
:103124000060fe0050d12c00801f780080c0b300e6
:10313400a51107008f87e9003200200041d22c003e
:10314400c0eb20000bbc0700c0c2b3001bfd07008e
:1031540070d22c00801f780080c0b3009a11070041
:103164008f87e9004200200071d32c00c0eb2000bf
:1031740000bc070000c3b30010fd0700b0d32c004f
:10318400801f780080c0b3008f1107008f87e9008b
:1031940092002000e1ac2c00c0eb2000f5bb07003e
:1031a40080c3b30005fd0700e0d42c00801f780025
:1031b40080c0b300841107008f87e900220020003b
:1031c40041b52c00c0eb2000eabb070020c3b300cc
:1031d400fafc0700b0d52c00801f780080c0b30033
:1031e400791107008f87e9002200200041b52c00e7
:1031f400c0eb2000dfbb070040c3b300effc0700b7
:1032040060d72c00801f780080c0b3006e110700c7
:103214008f87e9002200200041b52c00c0eb20007c
:10322400d4bb070060c3b300e4fc0700a0b22c00c9
:10323400801f780080c0b300631107008f87e90006
:1032440022002000b1b32c00c0eb2000c9bb070052
:10325400a0c0b300d9fc07000060fe0010d92c0008
:10326400801f780080c0b300571107008f87e900e2
:103274003200200041d22c00c0eb2000bdbb07006f
:10328400a0c3b300cdfc07000060fe0000da2c00f0
:10329400801f780080c0b3004b1107008f87e900be
:1032a40092002000a1db2c00c0eb2000b1bb070082
:1032b400c0c3b300c1fc070030dc2c00801f7800c1
:1032c40080c0b300401107008f87e90092002000fe
:1032d40011de2c00c0eb2000a6bb0700e0c3b30046
:1032e400b6fc0700a0de2c00801f780080c0b3006d
:1032f400351107008f87e9003200200041e02c00df
:10330400c0eb20009bbb070000c4b300abfc07006c
:1033140070e02c00801f780080c0b3002a110700e1
:103324008f87e9002200200041b52c00c0eb20006b
:1033340090bb070020c4b300a0fc070000e22c00ef
:10334400801f780080c0b3001f1107008f87e90039
:103354002200200041b52c00c0eb200085bb0700f3
:1033640040c4b30095fc070060e32c00801f780084
:1033740080c0b300141107008f87e90032002000d9
:10338400d1e42c00c0eb20007abb070060c4b3007a
:103394008afc07000060fe0000e52c00801f780016
:1033a40080c0b300081107008f87e900403820006f
:1033b400100798001e009000004f78001e4078000f
:1033c40080407800401b2000a3fa07001e009000f4
:1033d4004800de00004f78001e40780080407800ee
:1033e400501b20009cfa0700b0e62c00801f7800d8
:1033f40080c0b300f41007008f87e90011c8b30040
:103404000000eb0094fa070021c4b3001000200070
:1034140091fa070041c2b300200020008efa070091
:1034240081c1b300300020008bfa070031ccb30017
:103434004000200088fa070065fa07000004e00055
:103444000500320050e82c00801f780080c0b300d3
:10345400dd1007008f87e9005dfa07000004a20071
:103464000080fb00004078000080fa0000000600a5
:103474000800fa0020079800614798000040eb001c
:10348400004f78000040eb00104798000040eb002c
:10349400204798000060fe006e4090000080fb0012
:1034a4006101b90070ff2f00f1ff2f0002004000fe
:1034b40083804800c203200003002000820f5000d4
:1034c400838f5800d2003e00006001003c003700aa
:1034d400cf003700ce003700cd003700cc003700d6
:1034e400cb0037003d003700c900370046003700e5
:1034f400c70037004f003700c500370058003700b9
:10350400c300370061003700c10037006a0037008c
:10351400bf003700be003700bd003700bc003700d5
:10352400bb003700ba003700b9003700b8003700d5
:10353400b70037006b003700b5003700b400370020
:10354400b3003700b2003700b10037008f003700f6
:10355400af003700ae003700ad003700ac003700d5
:10356400ab00370066003700a90037006b00370056
:10357400a700370070003700a5003700750037003a
:10358400a3003700a2003700a1003700a0003700d5
:103594009f0037009e0037009d0037009c003700d5
:1035a4009b003700720037009900370098003700fd
:1035b40097003700800037009500370089003700f6
:1035c40010c0b300004f7800a0c0b30010479800ab
:1035d40090c0b300f9fb07008d00370000c1b300b1
:1035e400004f7800f0c0b30010479800f0c0b3005b
:1035f400f2fb070002012000d1e92c002e0090000c
:10360400dcba07008200370080c0b300004f7800a6
:1036140000c1b3001047980010c1b300e7fb0700d6
:1036240012012000d1ea2c002e009000d1ba07002c
:103634007700370000c2b300004f7800f0c0b30039
:103644001047980030c1b300dcfb070002012000e2
:10365400e1eb2c002e009000c6ba07006c00370086
:1036640000c2b300004f780000c1b30010479800b7
:1036740050c1b300d1fb070012012000e1ec2c0083
:103684002e009000bbba07006100370000c2b300ef
:10369400004f780000c1b3001047980070c1b30018
:1036a400c6fb070012012000f1ed2c002e00900053
:1036b400b0ba07005600370000c1b300004f7800cd
:1036c400f0c0b3001047980090c1b300bbfb0700e3
:1036d4000201200001ef2c002e009000a5ba070083
:1036e4004b00370010c0b300004f7800a0c0b300f7
:1036f4001047980030c2b300b0fb07004400370005
:1037040030c0b300004f7800a0c0b3001047980049
:10371400f0c2b300a9fb07003d00370010c0b3009e
:10372400004f7800a0c0b3001047980010c3b30046
:10373400a2fb07003600370010c0b300004f78002a
:10374400a0c0b3001047980030c3b3009bfb070030
:103754002f00370010c0b300004f7800a0c0b300a2
:103764001047980050c3b30094fb070028003700ab
:1037740020c0b300004f7800a0c0b30010479800e9
:10378400f0c3b3008dfb07002100370010c0b30065
:10379400004f7800d0c0b3001047980090c2b30027
:1037a40086fb0700e200200001f02c002e009000b0
:1037b40070ba07001600370010c0b300004f78003d
:1037c400b0c0b3001047980030c4b3007bfb0700bf
:1037d400c2002000e1f02c002e00900065ba070022
:1037e4000b00370020c0b300004f7800e0c0b300e6
:1037f4001047980050c4b30070fb0700f20020008b
:10380400a1f12c002e0090005aba0700000000001d
:103814000040eb00204798000f0037001e40900046
:103824008080fb002e4090000080fb000080400060
:10383400ae00900000804000ae4090008180fb000c
:10384400c2eb2000e2c07800014878002e409000ce
:103854000040e800204798002e4090009e4f500002
:10386400eeff39001e4090008080fb002e40900047
:103874000080fb0000804000ae009000008040000b
:103884008040eb00014878000080fa000000060048
:103894000400fa00204798000040eb00004f780035
:1038a4000040eb00104798002e4090000080fb0081
:1038b400c1eb2000614078001047980011c0b300ac
:1038c4001e419000f0c2b300804f510001003e0041
:1038d4008040eb0010c0b3009e41900092c3b3003f
:1038e40082cf5100010036000040eb0000c06000b0
:1038f4000004e000030032009e40900000cdb300bd
:1039040000cf400011c0b3001e41900000c6b300b8
:10391400804f510001003e008040eb0010c0b30016
:103924009e41900062c6b30082cf51000100360070
:103934000040eb0000c060000004e000030032001f
:103944009e40900090cab30000cf400011c0b30065
:103954001e41900000c4b300804f510001003e009e
:103964008040eb0010c0b3009e41900062c4b300dd
:1039740082cf5100010036000040eb0000c060001f
:103984000004e000030032009e40900090ccb3009d
:1039940000cf40001e4078000080fa0000000600be
:1039a4000800fa006000b800008fbe00c0eb2000e1
:1039b40077ba0700404798004e409000e34f50000c
:1039c400030036004e40900063405000404798008a
:1039d4000040eb00504798001d0037005e40900007
:1039e400abff0700604798006e4090000081fb0029
:1039f4008001eb004e4090008080fb005e40900010
:103a04000080fb00008050000000e900c200dd00df
:103a1400c0262100008040001000be00009ab900ba
:103a240004027800028bb900860278000502420085
:103a34000010b80001024200840078001e0f40000c
:103a44005e9748005e4090000040e80050479800b0
:103a5400de4090004e40900080cf5000dfff3900e0
:103a64001e00be000080fa00000006000800fa00f4
:103a74006000b800008fbe00c0eb200044ba07000d
:103a8400504798000040eb00404798001d00370065
:103a94004e4090007eff0700604798006e40900003
:103aa4000081fb008001eb005e4090008080fb0001
:103ab4004e4090000080fb00008050000000e900b0
:103ac400c200dd00c0262100008040001000be00be
:103ad400009ab90004027800028bb90086027800cb
:103ae400050242000010b800010242008400780080
:103af4001e0f40005e9748004e4090000040e800d2
:103b040040479800ce4090005e40900080cf500027
:103b1400dfff39001e00be000080fa00000006002e
:103b24000a00fa00881f7800004f98000040eb005c
:103b3400004f78000040eb00104798000040eb0075
:103b4400204798000e4890000080fb008000eb00a6
:103b540002352c000289b900020178006002b90024
:103b6400840178000301410003352c000300b800f0
:103b74000101410082007800200798003107980075
:103b8400e20f20008000eb00c0f1200080b90700a4
:103b94000060fe00aa1007000004e0005d0032008f
:103ba4001e84fb008b10070080407800c0f12000c9
:103bb40001707c001e407800e14f50005400360034
:103bc4001e80fb000000e900c1f120006140780084
:103bd400ed4f50004e003a001e80fb00c1f1200062
:103be40061407800ea4f500049003a0010c0b30029
:103bf40020479800c0f1200090407800f0c4b30042
:103c040080cf500005003200c0f1200090407800c1
:103c1400f0c6b30080cf500002003a0040c0b300a9
:103c240020479800c0f120009040780040c5b300c0
:103c340080cf500005003200c0f120009040780091
:103c440040c7b30080cf500002003a0030c0b30038
:103c540020479800c0f120009040780030c4b300a1
:103c640080cf500005003200c0f120009040780061
:103c740030c6b30080cf500002003a0020c0b30029
:103c8400204798001e407800e34f50002000360083
:103c9400c0f120009040780050c4b30080cf5000a1
:103ca40005003200c0f120009040780050c6b300f7
:103cb40080cf500016003a00d0f1200090407800e8
:103cc400e0c4b30080cf500005003200d0f12000e2
:103cd40090407800e0c6b30080cf50000c003a005a
:103ce400e0f120009040780040c4b30080cf500041
:103cf40005003200e0f120009040780040c6b30097
:103d040080cf500002003a0040c0b3002047980022
:103d14001e4fe8002e009000be009000e00f5000ff
:103d2400e08f5800100032008002200001002000c3
:103d3400f01107002e009000be00900061005000ba
:103d4400e080580020079800310798002e0090006a
:103d5400be009000e00f5000e08f580002003a00cf
:103d640010c0b300104798000060fe001e40900091
:103d74000004a2000004e000030032002e40900082
:103d84000004e00082ff3200c0f12000801f7800b0
:103d940090f22c00801f780080c0b3008a0e0700c8
:103da400e48757002e4090004f0478000080fa000a
:103db400000006000200fa000040eb0010479800e3
:103dc4000040eb00004f78006e68ef00c0eb20006d
:103dd400801f780010f42c00801f780060c0b300ae
:103de400790e0700e487570080c7b3004cff070033
:103df4006ee8b7000060fe006ec8bf000004e0007b
:103e040009003a0010c0b300004f780020f52c00e0
:103e1400801f780050f52c00801f780010c0b3007c
:103e2400690e0700e48757006ec8bf00e44f5000d6
:103e340009003a0010c0b300004f780020f52c00b0
:103e4400801f7800f0f52c00801f780010c0b300ac
:103e54005d0e0700e48757006ec8bf00e14f5000b5
:103e640043003a00c0f120009040780010c4b30031
:103e740080cf500019003a00d0f120009040780023
:103e840040c5b30080cf500014003a00e0f1200098
:103e940090407800c0c4b30080cf50000f003a00b7
:103ea400f0f120009040780030c5b30080cf50007e
:103eb4000a003a0000f2200010407800ed4f500054
:103ec40006003a0010f2200010407800ea4f50003b
:103ed40002003a0014e50700240037005cf80700ec
:103ee400104798001e4090000004e00018003200c3
:103ef4001e409000b1f907001e4090000080fb00b6
:103f040061006000004078000004e0000800320016
:103f1400c0eb2000801f7800f0f52c00801f780093
:103f240010c0b300280e0700e48757000f003700c5
:103f340020f52c00801f7800f0f52c00801f7800fd
:103f440010c0b300200e0700e487570007003700b5
:103f540040f62c00801f7800f0f52c00801f7800bc
:103f640010c0b300180e0700e48757006e68ef0016
:103f74001e4078000004e0009bff32000080fa003d
:103f8400000006000a00fa00881f7800004f98001d
:103f94000040eb00004f78000040eb001047980011
:103fa4000040eb00204798000e4890000080fb0082
:103fb4008000eb0002352c000289b9000201780070
:103fc4006002b900840178000301410003352c002c
:103fd4000300b80001014100820078002007980026
:103fe40031079800e20f20008000eb00c0f12000b0
:103ff40067b807000060fe00910f07000004e000ae
:10400400630032001e84fb00720f070080407800ba
:10401400c0f1200001707c001e407800e14f500088
:104024005a0036001e80fb000000e900c1f12000a8
:1040340061407800ed4f50004c003a001e80fb00b8
:10404400c1f1200061407800ea4f500047003a0077
:10405400c0f1200090407800f0c4b30080cf50003d
:1040640005003200c0f1200090407800f0c6b30093
:1040740080cf500002003a0040c0b30020479800af
:10408400c0f120009040780040c5b30080cf5000bc
:1040940005003200c0f120009040780040c7b30012
:1040a40080cf500002003a0030c0b300204798008f
:1040b400c0f120009040780030c4b30080cf50009d
:1040c40005003200c0f120009040780030c6b300f3
:1040d40080cf500002003a0020c0b300204798006f
:1040e4001e407800e34f500020003600c0f120004d
:1040f4009040780050c4b30080cf500005003200d7
:10410400c0f120009040780050c6b30080cf50002a
:1041140016003a00d0f1200090407800e0c4b300cb
:1041240080cf500005003200d0f12000904078008c
:10413400e0c6b30080cf50000c003a00e0f120004c
:104144009040780040c4b30080cf50000500320096
:10415400e0f120009040780040c6b30080cf5000ca
:1041640002003a0040c0b300204798001e80fb00c4
:10417400c1f12000e140780030c2b30080cf50008c
:1041840002003a0010c0b300204798001e4fe80018
:104194002e009000be009000e00f5000e08f580009
:1041a400100032008002200001002000d11007001e
:1041b4002e009000be00900061005000e080580086
:1041c40020079800310798002e009000be00900050
:1041d400e00f5000e08f580002003a0010c0b30016
:1041e400104798000060fe001e4090000004a200ea
:1041f4000004e000030032002e4090000004e000c0
:104204007cff32002e4090004f0478000080fa00ba
:10421400000006004400fa00881f78000040eb000c
:10422400004f78006e68ef00b0f62c00801f780015
:1042340060c0b300640d07008f87e90080c7b30036
:1042440050ff07006ee8b7000060fe006ec8bf00b4
:104254000004e00007003a0010c0b300004f7800eb
:1042640050f52c00801f780010c0b300560d0700d5
:104274008f87e9006ec8bf00e44f500007003a0082
:1042840010c0b300004f780020f82c00801f780085
:1042940010c0b3004c0d07008f87e9006ec8bf0043
:1042a400e14f500026003a00c0f120008040eb00ae
:1042b40041050700204798002e4090000004e000cc
:1042c4001e0032000040eb00104798000b0037003e
:1042d4001e4090000084fb001e4090002c05070047
:1042e4008800440081004700e48040008008780092
:1042f4001e4090000040e800104798001e409000c7
:10430400ff4f5000f2ff36002e409000e24f500065
:1043140004003a00640047008040eb00fce9070019
:10432400060037002e409000e14f500003003a0091
:10433400640047008040eb00f4e607006e68ef007d
:104344001e4078000004e000bcff32004f047800f7
:104354000080fa00000006000200fa00004f780016
:10436400f0c2b3009e40780080cf500008003400b3
:1043740090c3b3009e40780080cf500004003c00fe
:104384009e40780000cdb30000c040001900370003
:1043940000c4b3009e40780080cf50000800340071
:1043a40060c4b3009e40780080cf500004003c00fd
:1043b4009e40780090ccb30000c040000d00370050
:1043c40000c6b3009e40780080cf5000080034003f
:1043d40060c6b3009e40780080cf500004003c00cb
:1043e4009e40780090cab30000c04000010037002e
:1043f40000c0eb000080fa00000006000000fa0094
:10440400590b070000fa20000100200039100700b2
:104414009b63a8009c23ef0000000000d11c8000d7
:1044240000102000008060000000e000fbff32006c
:104434009b63a90050052000e01c880000000000d8
:10444400d11c800000102000008060000000e0000b
:10445400fbff32000080fa00000006000400fa00ae
:1044640010079800803e2000000f78000a003700f3
:104474000060fe0000fa2000010020001d1007006b
:104484001e0fe9001e0078000000e00002003a0060
:104494000040eb0008003700170a07000004a200e0
:1044a4000004e000f2ff3a00e80907009e009000d3
:1044b4008048780010c0b3000080fa0000000600b5
:1044c4000400fa00100798000040eb00004f780049
:1044d4000c0037000060fe0000000000110a070015
:1044e4000004a2000004e000fcff3a001e80fb0070
:1044f4009e0090000080400010407800e909070009
:104504001e4fe8001e80fb009e00900000804000cb
:10451400104078000004e0000500320030c6b3000b
:104524009e40780080cf5000eaff3600010037003b
:1045340000000000fb0907000004a2000004e000e2
:10454400fcff3a00d0c0b300d60907000000000009
:10455400f40907000004a2000004e000fcff3a0094
:10456400a0c0b300cf09070000000000070a07003d
:104574000004a2000004e000fcff3a000080fa00fe
:10458400000006000600fa00100798004147980052
:104594000000eb00000f7800620920008000eb00af
:1045a4001e009000fab60700250037000060fe00e8
:1045b4001e0078009e00900000804000a7ff0700c6
:1045c4000004a2000004e000040032004e40900009
:1045d4000040e90040479800190037001e007800a9
:1045e4009e0090000080400010407800ea4f500088
:1045f40012003a001e007800e10f50000f00340052
:104604001e0078000000e9009e0090000080400039
:1046140010407800ed4f500008003a001e0078006a
:104624000000e9009e009000008040008040eb0004
:104634000148780010c0b300090037001e0fe800dd
:10464400500920009e007800808f500003003c0039
:104654004e4090000004e000d4ff3a000040eb001c
:104664000080fa00000006000400fa001007980019
:104674000000eb00000f7800120037001e007800e5
:10468400c200dd00c0022d00008040001000780050
:10469400800078001e0090002bb707000000e000a7
:1046a40007003a001e0078004200dd008080e80028
:1046b400c0022d0000804000104078000c0037003c
:1046c4001e0fe8001e007800ec0f5000ebff3600d0
:1046d4009e009000811f780000242d00801f780028
:1046e40040c0b300380c0700e487570020c1b30072
:1046f4000080fa00000006000000fa00a00121007a
:104704000080fa00000006000000fa0042062000c3
:104714008000eb00a00121009db607000080fa0094
:10472400000006000000fa00e00721000080fa0003
:10473400000006000000fa00401121000080fa0089
:10474400000006000000fa00f043800000407800fa
:104754000080fa00000006000200fa00004f780012
:104764001e80fb00f04388000080fa000000060071
:104774000000fa00c04380000080fa000000060038
:104784000200fa00000f78009e007800c143880000
:104794000080fa00000006000000fa00d043800008
:1047a4000080fa00000006000200fa00000f780002
:1047b4009e007800d14388000080fa0000000600c3
:1047c4000000fa00e04380000080fa0000000600c8
:1047d4000200fa00000f78009e007800e143880090
:1047e4000080fa00000006000400fa00a0c0b30034
:1047f400004f780000c0eb00104798000040eb0029
:1048040020479800400037001e4fe9000060fe007a
:1048140053c0b300e207210091262d000040eb00b5
:10482400f1000700204798002e4090000004e000ab
:10483400050032000060fe0000502300c10020008b
:104844002c0f070030003700e0072100d0b6070026
:10485400e80f5000050032000060fe000050230005
:10486400c1002000230f0700270037005008210053
:1048740010407800b8fe0700104798001e409000d2
:10488400e14f400005003a000060fe0000502300a4
:10489400c1002000170f07001b0037001e409000c6
:1048a4006f4060001047980002062d001e409000e3
:1048b4008000fb00000320000088b900000078009d
:1048c400800041001e4090000000fb00811f780022
:1048d400801f780080272d00801f780060c0b300ff
:1048e400b90b0700e68757001e4090000004e00063
:1048f400090032000060fe0000502300c1002000c7
:10490400fc0e0700000000001e4078000004e000d8
:10491400bdff3a0001003700000000000060fe0007
:104924001e4090000004e0001300320002062d0037
:104934001e4090008000fb00000320000088b900a6
:1049440000007800800041001e4090000000fb0041
:10495400811f7800801f7800c0292d00801f7800f7
:1049640040c0b300980b0700e68757000060fe00c4
:104974000040eb000100370010c0b3000080fa00d3
:10498400000006000200fa0030c0b300004f7800b7
:10499400f509070000e2240001002000d50e0700fd
:1049a4000060fe0095fe070000d4200031002000c6
:1049b400d00e07001e4fe900e007210051c0b300ec
:1049c400f0fe0700e007210090407800f0c6b30035
:1049d40080cf500007003a00f00721009040780093
:1049e400b0c6b30080cf500002003a0010c0b3003c
:1049f4000c003700620920008000eb00e007210072
:104a0400e3b5070000202e0041002000b90e070086
:104a14001e4078000004e000e1ff3a00d7090700d7
:104a24000040eb000080fa00000006000000fa00dd
:104a3400cd09070000fa200001002000ad0e070098
:104a44000060fe0068ff07008041eb00e2072100e0
:104a5400a12c2d000040eb00630007000060fe0065
:104a640000a8210061002000a20e07000060fe00e3
:104a7400c20907000080fa00000006000200fa00e4
:104a84000040eb00004f78007828ef007a28ef0010
:104a94007c28ef007e28ef00b3090700b406a800c5
:104aa40000242400f1002000920e07000060fe00a4
:104ab40000242400f10020008e0e07000060fe0098
:104ac40000242400f10020008a0e07000060fe008c
:104ad40000242400f1002000860e07000060fe0080
:104ae400b406a90000242400f1002000810e070070
:104af4000060fe0000242400f10020007d0e070069
:104b04000060fe0000242400f1002000790e07005c
:104b14000060fe0000242400f1002000750e070050
:104b24000060fe00b426a9000060fe0000a026007c
:104b3400810120006f0e0700b426a8000060fe006b
:104b440000502300c10020006a0e0700b426a9000b
:104b540000482800e1012000660e07000060fe0006
:104b6400e007210051c0b30086fe0700004f780023
:104b74001e4078000004e0000f003200e00721002e
:104b8400801f7800f02d2d00801f78004011210037
:104b94000db50700e4875700e0072100801f780067
:104ba400702e2d00801f780060c0b300060b070034
:104bb400e48757000500370050302d00801f78002f
:104bc40040c0b300000b07008f87e90000502300aa
:104bd400c1002000470e07000060fe001e40780060
:104be4000080fa00000006000a00fa00204798003e
:104bf4002107980032079800034f98000040eb000b
:104c0400004f78000060fe002e0090002cfe07008c
:104c14003e0090008e4890005afe0700004f780036
:104c2400be009000811f7800ae009000811f7800c4
:104c3400a0312d00801f780080c0b300e20a070075
:104c4400e68757001e407800e14f50001e003a00ee
:104c54007c28ef0051332d003e009000bab50700c8
:104c64000000e00008003a00d04380000000e800a3
:104c7400ea0f500001003600a0002000d043880055
:104c840040c0b3001f0037002e409000e14f500099
:104c94000a003a0031342d003e009000aab5070006
:104ca4000000e00003003a007a28ef000040eb0027
:104cb40014003700c0c0b300120037007a28ef0098
:104cc4000040eb000f0037009200200061342d00fb
:104cd4002e009000c6b507000000e00002003a0074
:104ce4000040eb0007003700e04380000000e800cc
:104cf400ea0f500001003600a0002000e0438800c5
:104d040000c1b3000080fa00000006000400fa00ad
:104d1400000f780011079800010037001e0fe8000b
:104d24001e007800104078000004e0000800320003
:104d34001e0078009040780000c2b30080cf50007d
:104d4400f6ff3a00030037001e0fe80001003700a9
:104d5400000000001e0078009040780000c2b300fc
:104d640080cf5000f8ff3200520920009e007800e6
:104d74001e009000b3b507001e0090005009b0005b
:104d84008040eb00014878000040eb000080fa000e
:104d9400000006000200fa00000f780053c0b300c0
:104da4001e01780001352d000040eb008eff070046
:104db4000080fa00000006000800fa0010079800be
:104dc4002107980062479800c0c0b300004f7800e4
:104dd400620920008000eb00e0072100ecb407002a
:104de4009e009000811f7800c0352d00801f780040
:104df40060c0b300740a0700e487570053c0b300cf
:104e0400e20721009e00900010c0b30076ff070067
:104e1400004f78001e4078000004e00003003200d8
:104e2400e007210010fe070042003700e0072100e0
:104e3400ee409000d3fd07000004a2000004e0004f
:104e440011003200e0072100801f78009e009000ce
:104e5400811f7800a0312d00801f780040c0b3006e
:104e6400590a0700e6875700e04380000000e80085
:104e7400ea0f500001003600a0002000e043880043
:104e840000c1b3002b003700e0072100801f780029
:104e94009e009000811f7800a0312d00801f7800b3
:104ea40080c0b300480a0700e687570091362d00fa
:104eb400e007210024b507000000e00003003a00e9
:104ec4007828ef00e0c0b3001a00370031372d0016
:104ed400e00721001cb507000000e00002003a00d2
:104ee400f0c0b3001300370072002000c1372d005a
:104ef400e00721003eb507000000e00005003a008d
:104f04007828ef00ae009000500821007fff0700d2
:104f140008003700c04380000000e800ea0f50009a
:104f240001003600a0002000c0438800e0072100f3
:104f3400cdfd07000080fa00000006000800fa001a
:104f440020079800614798000040eb00004f78006c
:104f5400c0c0b300104798000060fe0053c0b30007
:104f6400e207210041382d000040eb001eff07003e
:104f7400104798001e4090000004e0000200320038
:104f84001e409000620137000060fe002e00900079
:104f9400e10f50005d013a000040eb00004f780043
:104fa4000060fe001e80fb00cf80de009201200026
:104fb40003002000820f5000838f580041013e00ff
:104fc40000600100190037001f003700250037007a
:104fd4002b0037003b003700440037004d003700fa
:104fe40056003700620037006e0037007a00370041
:104ff4008a0037009a003700aa003700b000370053
:10500400ba003700c0003700c6003700cc003700b4
:10501400e3003700e9003700f5003700fb003700f4
:10502400010137000701370010013700f3c0b30056
:10503400e207210001352d000040eb00eafe0700e5
:10504400104798001f01370053c0b300e207210046
:1050540021392d000040eb00e3fe070010479800c3
:105064001801370053c0b300e2072100013a2d00b4
:105074000040eb00dcfe07001047980011013700e8
:105084006e4090000004e000ff003a00003b2d0059
:10509400801f7800503b2d00801f7800a001210064
:1050a400c9b30700e487570053c0b300e2072100e7
:1050b400a101210010c0b300cbfe070010479800e7
:1050c40000013700f1c0b300a0012100e8f8070097
:1050d40053c0b300e2072100a101210010c0b300b6
:1050e400c1fe070010479800f600370091c1b300d5
:1050f400a0012100def8070053c0b300e20721003d
:10510400a101210010c0b300b7fe070010479800aa
:10511400ec00370031c1b300a0012100d4f807002e
:1051240053c0b300e2072100a101210010c0b30065
:10513400adfe070010479800e20037006e40900073
:105144000004e000d2003a0011c1b300a001210024
:10515400c7f8070053c0b300e2072100a1012100f2
:1051640010c0b300a0fe070010479800d500370018
:105174006e4090000004e000c7003a0051c1b30043
:10518400a0012100baf8070053c0b300e2072100d0
:10519400a101210010c0b30093fe0700104798003e
:1051a400c80037006e4090000004e000bc003a00e4
:1051b40071c1b300a0012100adf8070053c0b300d2
:1051c400e2072100a101210010c0b30086fe070000
:1051d40010479800bb0037006e409000e14f50002c
:1051e400b1003a00903c2d00801f7800203d2d0036
:1051f400801f7800a001210073b30700e4875700e3
:1052040053c0b300e2072100a101210010c0b30084
:1052140075fe070010479800aa0037006e40900002
:10522400e14f5000a2003a00503e2d00801f78004c
:1052340060402d00801f7800a001210062b30700a8
:10524400e487570053c0b300e2072100a101210005
:1052540010c0b30064fe070010479800990037009f
:105264006e409000e14f500093003a00503e2d00f4
:10527400801f780090412d00801f7800a00121003c
:1052840051b30700e487570053c0b300e20721007d
:10529400a101210010c0b30053fe0700104798007d
:1052a4008800370053c0b300e2072100c1422d003b
:1052b40010c0b3004cfe070010479800810037006f
:1052c40082012000c1432d00a0012100a9b30700e1
:1052d40053c0b300e2072100a10121000040eb000c
:1052e40041fe0700104798007600370053c0b30012
:1052f400e207210041452d000040eb003afe070083
:10530400104798006f00370053c0b300e207210034
:1053140041462d000040eb0033fe07001047980083
:105324006800370053c0b300e207210051472d0045
:105334000040eb002cfe0700104798006100370086
:1053440090c0b3009df40700100798001e00900061
:105354009040780010c3b30080cf500005003a009d
:10536400f200200061482d00a001210081b3070054
:10537400040037000201200051492d00a001210042
:105384007cb3070053c0b300e2072100a101210050
:1053940010c0b30014fe07001047980049003700fe
:1053a40053c0b300e2072100514a2d0010c0b300de
:1053b4000dfe070010479800420037006e40900031
:1053c4000004e0003e003a0031c4b300a001210013
:1053d40027f8070053c0b300e2072100a101210010
:1053e40010c0b30000fe07001047980035003700d6
:1053f40053c0b300e2072100714b2d0010c0b3006d
:10540400f9fd0700104798002e00370053c0b30081
:10541400e2072100d14c2d0010c0b300f2fd0700bb
:10542400104798002700370053c0b300e20721005b
:10543400314e2d0010c0b300ebfd0700104798005b
:105444002000370051c4b300a001210008f8070070
:1054540053c0b300e2072100a101210010c0b30032
:10546400e1fd0700104798001600370053c0b30051
:10547400e2072100914f2d0010c0b300dafd0700b0
:10548400104798000f003700000000000d0037009f
:10549400000000000b003700000000000900370086
:1054a400000000000700370000000000050037007e
:1054b4000000000003003700000000000100370076
:1054c400000000001e4fe8001e4090000004e000b1
:1054d40003003a001e407800f94f5000b0fe360039
:1054e4001e4090000004e000020032001e409000c4
:1054f400070037000060fe001e4090000004e0003a
:10550400020032001e409000010037001e4090004f
:105514000080fa00000006000400fa00204798000a
:10552400c0c0b300004f78000060fe00aefc07006e
:105534000040eb001047980053c0b300e20721007d
:10554400013a2d000040eb00a7fd0700004f780052
:105554002e4090000004e0000a003a00d20020002f
:1055640021502d00a001210002b30700f2c0b300b6
:10557400f1502d00a00121000ffe0700004f78001c
:1055840009003700e200200001512d00a001210094
:10559400f8b20700f2c0b300f1502d00a0012100c1
:1055a40005fe0700004f78001e4090000040e80010
:1055b400104798001e407800ef4f5000030032005f
:1055c4001e409000e34f5000e1ff36001e4078007b
:1055d400ef4f500008003200f04380000000e80064
:1055e400ea0f500001003600a0002000f0438800bc
:1055f4001e407800030037000060fe007e28ef00a4
:105604001e4078000080fa00000006000200fa0044
:10561400000f78009e1f7800c06f2d00801f780057
:1056240010c0b30068080700e48757000080fa0040
:10563400000006000000fa0010c0b30094e8b700b0
:105644000080fa00000006000000fa009468ef00f1
:105654000080fa00000006000000fa0094c8bf00b1
:105664000080fa00000006000200fa00004f7800f3
:105674001e80fb0067006000818920006140780083
:105684000080fa00000006000600fa00004f7800cf
:1056940011479800224798003347980044479800e0
:1056a4001e80fb004200dd00818920001e41900025
:1056b400827078001e80fb004200dd000000e800dc
:1056c400818920002e419000827078001e80fb00aa
:1056d4004200dd000080e800818920003e41900006
:1056e400827078001e80fb004200dd0063004000f1
:1056f400818920004e419000827078000080fa0079
:10570400000006000a00fa00004f78001107980014
:105714002207980033079800440798001e80fb0076
:105724004200dd0081892000e14078001e009000e5
:10573400014878001e80fb004200dd000000e80004
:1057440081892000e14078002e0090000148780013
:105754001e80fb004200dd000080e80081892000fb
:10576400e14078003e009000014878001e80fb0074
:105774004200dd006300400081892000e1407800a0
:105784004e009000014878000080fa0000000600f6
:105794000200fa00004f7800028a20009e80fb007d
:1057a400100220000088b9000000780000004100c9
:1057b4000080fa00000006002000fa00600f980044
:1057c400615f98000040eb00004f78000040eb0060
:1057d400504798000040eb00604798000040eb0001
:1057e400104798000040eb002047980010c0b30019
:1057f400304798000040eb00704798000040eb00f1
:10580400404798006e089000801f7800f06f2d00cc
:10581400801f780060c0b300eb070700e4875700df
:105824006e0890009040780040c2b30080cf5000d2
:1058340024003a006e0890000000e80090407800d0
:1058440090c3b30080cf50001e003a006e08900051
:105854000080e8009040780090c3b30080cf5000ef
:1058640018003a006e0890006300400090407800f1
:1058740030c2b30080cf500012003a0068004700e5
:105884005200200011712d003ab2070000fa2000e6
:1058940001002000170b0700680047005bff0700aa
:1058a40068004700801f780060712d00801f780019
:1058b40060c0b300c4070700e48757000040eb0052
:1058c400a5013700024220008000eb00008a20007e
:1058d4002fb207006e0890000000e800cbb107006b
:1058e400504798005e4090000080fb00cf80de00af
:1058f400820c200003002000820f5000838f580088
:1059040018013e0000600100c8003700ca003700db
:10591400c9003700c8003700c7003700c600370089
:10592400c5003700c4003700c3003700c200370089
:10593400c1003700c0003700bf003700be00370089
:10594400bd003700bc003700bb003700ba00370089
:10595400b9003700b8003700b7003700b600370089
:10596400b5003700b4003700b3003700b500370086
:10597400b7003700b9003700bb003700bd0037005f
:10598400bc003700bb003700ba003700bc0037004a
:10599400be003700c0003700c2003700f1003700f6
:1059a400f0003700ef003700ee003700ed0037005d
:1059b400ec003700eb003700ea003700e90037005d
:1059c400e8003700e7003700e6003700e50037005d
:1059d400e4003700e3003700e2003700e10037005d
:1059e400e0003700df003700de003700dd0037005d
:1059f400dc003700db003700da003700d90037005d
:105a0400d8003700d7003700d6003700d50037005c
:105a1400d4003700d3003700d2003700d10037005c
:105a2400d0003700cf003700ce003700cd0037005c
:105a3400cc003700cb003700ca003700c90037005c
:105a4400c8003700c7003700c6003700c50037005c
:105a5400c4003700c3003700c2003700c10037005c
:105a6400c0003700bf003700be003700bd0037005c
:105a7400bc003700bb003700ba003700b90037005c
:105a8400b8003700b7003700b6003700b50037005c
:105a9400b4003700b30037008500370087003700b3
:105aa400890037008b0037008d0037008f003700e6
:105ab40091003700930037009500370097003700b6
:105ac40099003700a7003700a6003700a50037006b
:105ad400a4003700a3003700a2003700a10037005c
:105ae400a00037009f003700920037009100370074
:105af400900037008f0037008e0037008d0037008c
:105b04008c0037008b003700960037009500370073
:105b14008e0037008d0037008c0037008b00370073
:105b24008a00370089003700880037008700370073
:105b34008c0037008b003700870037008600370061
:105b44008500370084003700830037008200370067
:105b54008100370080003700820037008100370061
:105b6400800037007f0037007e0037007d0037005b
:105b74007c0037007b0037007a003700790037005b
:105b8400780037007700370076003700750037005b
:105b9400740037007300370072003700710037005b
:105ba400700037006f0037006e0037006d0037005b
:105bb4006c0037006b0037006a003700690037005b
:105bc400680037006700370066003700650037005b
:105bd400640037006300370062003700610037005b
:105be400600037005f0037005e0037005d0037005b
:105bf4005c0037005b0037005a003700590037005b
:105c0400580037005700370056003700550037005a
:105c1400540037005300370052003700510037005a
:105c2400500037004f0037004500370070c0b30004
:105c3400604798004e00370070c0b300604798007a
:105c44004b00370060c1b30060479800480037003c
:105c540010c0b300604798004500370030c0b3005f
:105c6400604798004200370020c0b30060479800a6
:105c74003f00370010c0b300604798003c00370075
:105c8400c0c0b300604798003900370010c0b300ab
:105c94006047980036003700d0c0b30060479800d2
:105ca4003300370050c0b30060479800300037001d
:105cb40040c6b300604798002d00370060c0b300b1
:105cc400604798002a003700e0c0b300604798009e
:105cd4002700370060c1b3006047980024003700f4
:105ce40080c0b3006047980021003700d0c0b300e3
:105cf400604798001e00370010c0b300604798004a
:105d04001b00370010c0b30060479800180037002c
:105d140030c0b300604798001500370010c0b300ce
:105d2400604798001200370050c0b30060479800e5
:105d34000f00370040c0b300604798000c003700e4
:105d440010c0b300604798000900370090c1b30049
:105d5400604798000600370020c0b30060479800f1
:105d64000300370010c0b300004f780000000000ab
:105d74001e4078000004e0005c003a003e409000c1
:105d84000080fb00ee089000008040009040780006
:105d9400c0c2b30080cf50000f0032003e409000dc
:105da4000080fb00ee0890000080400090407800e6
:105db40030c2b30080cf5000070032003e40900054
:105dc4000080fb00ee089000008040001040780046
:105dd4000004e0002a003a004e4090000004e00075
:105de400120032002e409000ff4f50000f003e0082
:105df4002e4090008080fb004e4090008081fb008c
:105e0400028a2000100220000088b90000007800f7
:105e140003004000000041008040eb00014878008e
:105e24002e4090000040e800204798003e4090003b
:105e34000080fb00ee089000008040009040780055
:105e440030c2b30080cf5000280032003e409000a2
:105e54000080fb00ee0890000080400010407800b5
:105e64000004e000210032003e4090000040e800c1
:105e7400704798000040eb00404798001700370037
:105e84004e409000ff4f500014003e002e40900002
:105e94008080fb004e4090000082fb003e4090005a
:105ea4000080fb006e099000000041001040780063
:105eb40000417800038a2000100220000088b90005
:105ec400000078000400400000804100024878008f
:105ed4004e4090000040e800404798003e4090004b
:105ee4000040e80030479800a4ff3700108c2000e1
:105ef40090407800f0c3b30080cf500002003a0015
:105f040010c0b300104798001e4090000004e00049
:105f14000200320010c0b3000f0037001e407800aa
:105f24000004e00002003a0020c0b3000a00370079
:105f34007200470082002000e1722d008db007003e
:105f440000fa2000010020006a09070072004700df
:105f5400aefd07000040eb000080fa0000000600e0
:105f64000a00fa002007980031079800024f9800b1
:105f7400134f980095c8bf000080fb000000e800a4
:105f8400ae009000008f400095c8bf000004e00000
:105f940003003a002e00900041c2b300014878008b
:105fa4001e4890000004e000090032003e0090000a
:105fb4001000be00809fbe0060732d00801f78001b
:105fc4001e007800f3af0700e6875700160037007d
:105fd400be00900011079800080037001e009000d2
:105fe400904078001e007800014878001e0fe800f9
:105ff4001e0090000000e800100798001e009000aa
:10600400104078000004e000f4ff3a001e0078001d
:106014008040eb00014878000300370095c8bf00ba
:106024000040e80095e8b70095c8bf000080fb0079
:10603400ae00900000804000104078000004e000b2
:10604400f6ff3a000e4890000004e0000f00320012
:1060540095c8bf000080fb00ae00900000804000a7
:1060640031c2b3000148780095c8bf000080fb002e
:106074000000e800ae009000008040008040eb008b
:10608400014878009568ef000600370095c8bf0006
:106094000080fb00ae00900000804000c1c2b3004d
:1060a400014878000040eb000080fa000000060080
:1060b4000800fa00000f78001207980023079800e0
:1060c400614798000e80e80013c0b3006e41900051
:1060d400800078001e007800a1ff07000080fa000d
:1060e400000006000600fa00000f7800110798006f
:1060f400424798008041eb004e4190009e00900082
:106104001e00780096ff07000080fa0000000600d9
:106114000000fa0035e7a8000080fa00000006003d
:106124000000fa0035e7a9000080fa00000006002c
:106134000000fa003427a8000080fa0000000600de
:106144000000fa003427a9000080fa0000000600cd
:106154000200fa00000f78001e007800e10f5000e2
:106164000d003200e10f500005003900e20f50002d
:106174000f003200e30f5000130032001800370004
:10618400d139800000fe2f0000806000a000b30021
:10619400d039880012003700d139800000fe2f006a
:1061a40000806000c001b300d03988000c003700c3
:1061b400d139800000fe2f0000806000d001b300c0
:1061c400d039880006003700d139800000fe2f0046
:1061d40000806000e001b300d039880000000000b6
:1061e4000080fa00000006000400fa00100798007e
:1061f40001388000010f78001e0078000080fa004a
:10620400000006000400fa0010079800a03980007e
:1062140000407800614060000080fb0000f0a700af
:106224000000ea000000ea004f00de00004f7800a2
:106234001e4078000080fa00000006000200fa0008
:10624400004f78000060fe00e2512d009e80fb00ac
:10625400d00220000088b90000007800000041004e
:106264000080fa00000006000000fa000060fe0052
:1062740080088000610060000000e000030032003c
:106284001001a9000040eb003700370080088000af
:10629400620060000000e000030032001021a90049
:1062a40010c0b30030003700800880007000600028
:1062b4000000e000030032001081a90020c0b300f8
:1062c400290037008108800000042000008060005d
:1062d4000000e0000300320010c1a90030c0b30088
:1062e4002100370081088000000820000080600041
:1062f4000000e0000300320010e1a90040c0b30038
:106304001900370081088000002020000080600010
:106314000000e000030032001121a90070c0b300a6
:106324001100370081088000000028000080600010
:106334000000e0000300320011e1a90050c0b300e6
:1063440009003700810880000000240000806000fc
:106354000000e0000300320011c1a90060c0b300d6
:106364000100370080c0b3000080fa00000006007e
:106374001c00fa00881f7800005f9800115f9800e5
:10638400520f98000000eb00000f78000000eb00b3
:1063940030079800e8004700070009008018eb0068
:1063a4000040eb002047980010c0b300304798002d
:1063b4000060fe000e5890000000fb000000e000aa
:1063c40003003200e10f50000300320004003700e4
:1063d4008d86a800040037008de6a800020037006f
:1063e4000000eb0087003700de08900021079800ca
:1063f4000700370000fa2000010020003d080700d4
:106404000060fe002e0090000000e90020079800c4
:106414002e0090000000e000f6ff3a007707070026
:106424003bff07001e5890000000fb0048ff0700d8
:106434003fff070000192000010020002d0807007d
:106444003fff0700000000001e5890000000fb0002
:106454006cff07000004a2000004e000faff3a0009
:106464002e4090000004fb001e5890000000fb002a
:106474005dff07008000780008004400000047002a
:1064840068004000010878002e4090000040e800b9
:10649400204798002e409000e74f5000e4ff34005e
:1064a4001fff07000e5890000000fb000000e000f2
:1064b40003003200e10f50000300320039003700be
:1064c4008d86a900020037008de6a90000000000b7
:1064d400340037000040eb00304798000040eb00e8
:1064e400204798002c0037002e4090000000fb004d
:1064f4000000400000004700c00090002e409000c3
:106504000000fb000000e80000004000000047001d
:1065140040009000808f50001c0034002e409000fa
:106524000000fb000000400000004700c000900095
:10653400310798002e4090000000fb00ae40900010
:106544008100fb008100e800818040008100470059
:10655400c1009000000040000000470068004000b7
:10656400010878002e4090000000fb000000e800c5
:10657400000040000000470068004000be0090009a
:106584000108780010c0b300304798002e409000f6
:106594000040e800204798002e409000e64f50004d
:1065a400d1ff34003e4090000004e000c9ff3a00ef
:1065b4000000eb00000f780020c0b30020479800d3
:1065c400090037002e4090000000fb00000040004e
:1065d40000004700400090001e0f40002e40900035
:1065e4000040e800204798002e409000e54f5000fe
:1065f400f4ff34001e0078004280de00000f7800b3
:106604001e0078004f0478000080fa0000000600a5
:106614000200fa00000f7800a00f20009e0078000e
:10662400808f50000e0036009e007800d0cc2c00e5
:106634000008b8004308de00000f78000060fe0088
:1066440000c4290001002000aa0707001e0fe9006a
:106654001e0078000000e000f8ff3a000e0037004a
:106664001e0078008000eb006011b8000490200048
:10667400d50320006033b80076ad0700843e2000c7
:10668400050020006033b80009ad07000000be001b
:10669400980707000060fe000060fe000080fa001a
:1066a400000006000600fa00204798002107980021
:1066b4000040eb00004f78001f0037000060fe0030
:1066c4007826a8002e0090008000eb006011b8002e
:1066d40004902000d50320006033b8005dad0700ae
:1066e400843e2000050020006033b800f0ac0700b1
:1066f4000000be007f0707007826a9002e00900046
:106704008000eb006011b80004902000d503200045
:106714006033b8004fad0700843e20000500200020
:106724006033b800e2ac07000000be007107070048
:106734000060fe001e4fe8002e4090009e4078004e
:1067440080cf5000ddff39000080fa000000060011
:106754000400fa00204798000040eb00004f780046
:106764000040eb00104798000060fe000040eb0082
:10677400104798001e0037000060fe000040eb0048
:10678400004f7800090037007826a80000d42000c4
:1067940031002000570707007826a90000f82400dc
:1067a40021012000530707001e4fe8002e409000ef
:1067b4009e40780080cf5000f3ff39007826a8006f
:1067c40000482800e10120004a0707000060fe009d
:1067d4007826a90000482800e101200045070700a9
:1067e4000060fe001e4090000040e8001047980042
:1067f4001e409000e84f5000dfff36000080fa0092
:10680400000006000c00fa0040079800214f980091
:106814006000b800008fbe000040eb0050479800b5
:106824003c0037000060fe005e4090000080fb00ea
:10683400ce0090000080400010407800604798002f
:106844000040eb0040479800ee409000f0c2b300d7
:1068540080cf500009003600ee40900090c3b30092
:1068640080cf500005003e00ee40900000cdb30004
:1068740000c040004047980019003700ee409000e7
:1068840000c6b30080cf500009003600ee409000ef
:1068940060c6b30080cf500005003e00ee4090007b
:1068a40090cab30000c04000404798000c00370075
:1068b400ee40900000c4b30080cf500008003600c2
:1068c400ee40900060c4b30080cf500004003e004e
:1068d400ee40900090ccb30000c0400040479800c8
:1068e4001e00be004409dd00cc01de0083017100fe
:1068f4004401dd004e4090000080fb008000eb006e
:10690400001f7100019771005e4090000040e80094
:1069140050479800de4090002e48900080cf5000f1
:10692400c0ff39001e00be000080fa00000006000f
:106934000400fa0020479800314798000040eb001b
:10694400004f7800ae409000114798000060fe00b0
:1069540011c0b3001e419000f0c2b300804f51003b
:1069640001003e008040eb0010c0b3009e41900047
:1069740092c3b30082cf5100010036000040eb0007
:1069840000c060000004e000030032009e4090005c
:1069940000cdb30000cf400011c0b3001e419000f1
:1069a40000c6b300804f510001003e008040eb0060
:1069b40010c0b3009e41900062c6b30082cf510064
:1069c400010036000040eb0000c060000004e0005d
:1069d400030032009e40900090cab30000cf4000f4
:1069e40011c0b3001e41900000c4b300804f510099
:1069f40001003e008040eb0010c0b3009e419000b7
:106a040062c4b30082cf5100010036000040eb00a5
:106a140000c060000004e000030032009e409000cb
:106a240090ccb30000cf40001e4078004400dd004d
:106a3400004f7800be40900000c2b30080cf5000e9
:106a4400470032003e4090000004e0004400320061
:106a5400be4090001147980011c0b3001e41900041
:106a6400f0c2b300804f510001003e008040eb00b3
:106a740010c0b3009e41900092c3b30082cf510076
:106a8400010036000040eb0000c060000004e0009c
:106a9400070032009e40900000cdb30000c04000cb
:106aa400804078001e40780000c07000004f7800dd
:106ab40011c0b3001e41900000c6b300804f5100c6
:106ac40001003e008040eb0010c0b3009e419000e6
:106ad40062c6b30082cf5100010036000040eb00d3
:106ae40000c060000004e000070032009e409000f7
:106af40090cab30000c04000804078001e40780077
:106b040000c07000004f780011c0b3001e41900017
:106b140000c4b300804f510001003e008040eb00f0
:106b240010c0b3009e41900062c4b30082cf5100f4
:106b3400010036000040eb0000c060000004e000eb
:106b4400070032009e40900090ccb30000c040008b
:106b5400804078001e40780000c07000004f78002c
:106b64001e4078000080fa00000006000000fa00d1
:106b74009980a9009960a90080002000c01c8800a9
:106b84009a23ef0000012000001d880000cc2000a3
:106b94003043880000cc200020438800e0db200044
:106ba40010438800e0db2000004388006868ef00a1
:106bb40040602b000700070020622b001400070030
:106bc4009960a80099e3a8009b43a8000080fa00fc
:106bd400000006000200fa00000f78001e00780092
:106be4000000e00003003a0040602b00504388009e
:106bf400020037009e007800514388000080fa00ac
:106c0400000006000000fa000080fa000000060000
:106c14000200fa00000f78001e0078000000e00077
:106c240003003a0020622b00604388000200370012
:106c34009e007800614388000080fa00000006008e
:106c44000000fa000080fa00000006000200fa00ca
:106c54000040eb00004f780000000000114380006a
:106c640000438000808f5000fcff320010438000fe
:106c7400104f7800104380000000e80010438800a3
:106c840011438000c0eb2000808f500002003a00c6
:106c9400e0db2000104388001e4078000080fa00ea
:106ca400000006000200fa00004f78000000000017
:106cb4001c0007000004a2000004e000fcff3a00ee
:106cc400204380001e487800204380000000e80034
:106cd4002043880021438000e0db2000808f5000a7
:106ce40002003a0000cc2000204388009980a800cc
:106cf4000080fa00000006000000fa001143800042
:106d0400004380000080680000f0a7000000ea0053
:106d14000000ea004f00de00004078000080fa0026
:106d2400000006000400fa003143800011079800b7
:106d3400214380001e009000808f50000600310027
:106d44009e00900020438000008050000000e90075
:106d5400000f7800050037009e009000204380005b
:106d640000805000d00fb000000f78001e007800a3
:106d740000f0a7000000ea000000ea004f00de0077
:106d8400004078000080fa00000006000000fa00cd
:106d94002143800030438000808f500009003a0076
:106da400d11c8000001020000080600000f0a700cb
:106db4000000ea000000ea004f00de000040780016
:106dc400010037000040eb000080fa0000000600dc
:106dd4000400fa000143800011079800104380006a
:106de4009e009000808f5000060031009e009000ad
:106df4001043800000805000e00fb000000f7800c6
:106e0400030037009e00900010438000008f500064
:106e1400f00f20009e007800808f500002003600a2
:106e240000c0eb00020037001e007800004078002c
:106e34000080fa00000006000400fa0031438000dc
:106e440011079800214380001e009000808f50009d
:106e5400060031009e009000204380000080500016
:106e64000000e900000f7800050037009e00900044
:106e74002043800000805000d00fb000000f780045
:106e8400f00f20009e007800808f50000200360032
:106e940000c0eb00020037001e00780000407800bc
:106ea4000080fa00000006000800fa00200798009d
:106eb40031079800c6ff07000080fb00000f780030
:106ec4003e0090009e0f500002003100be00900072
:106ed400010f78000000eb0010079800090037004c
:106ee4005aff0700ae009000804878002e00900002
:106ef4000000e800200798001e0090000000e80051
:106f0400100798001e0090009e0f5000f4ff3900f7
:106f14001e0078000080fa00000006000800fa0055
:106f24002007980031079800c3ff07000080fb008a
:106f3400000f78003e0090009e0f500002003100c8
:106f4400be009000010f78000000eb0010079800cd
:106f5400090037002e00900010407800ae00900029
:106f64008100e800210798004eff07001e009000f2
:106f74000000e800100798001e0090009e0f5000cb
:106f8400f4ff39001e0078000080fa0000000600bb
:106f94000400fa000000eb00000f78008cff0700eb
:106fa40020479800a4ff0700304798002e40900027
:106fb4000080fb000000e00004003200e10f20002c
:106fc400810f500003003200040037001e20a0008f
:106fd400040037001e00a000020037001e10a000ad
:106fe400000000003e4090000080fb000000e00034
:106ff40004003200e10f2000810f50000300320032
:10700400040037001e30a000020037001e40a0001c
:10701400000000001e0078000080fa000000060056
:107024000400fa0010079800114380001e0090002d
:10703400008f40000200370021f02f001e8f400017
:10704400c0eb20009e007800808f5000faff3e00c5
:107054001e007800104078000080fa00000006004e
:107064000000fa005aff07000080fb000000e9005e
:107074004f00de00004078000080fa0000000600a7
:107084000000fa006cff07000080fb000000e9002c
:107094004f00de00004078000080fa000000060087
:1070a4000000fa00d01c80000080fa0000000600f6
:1070b4000000fa0060ff07000004e0001000320046
:1070c4003143800020438000808f5000060036004a
:1070d400304380008000780020438000008050000e
:1070e4000000e9000700370030438000800078008a
:1070f4002043800000805000d00fb0000100370012
:107104000000eb000080fa00000006000000fa0016
:107114002fff07000004e00010003200114380003c
:1071240000438000808f500006003600104380002a
:107134008000780000438000008050000000e900d7
:10714400070037001043800080007800004380006f
:1071540000805000d00fb000010037000000eb00a9
:107164000080fa00000006000000fa0099e3a8007d
:107174009b43a8000080fa00000006000000fa000b
:1071840099e3a9009b43a9000080fa0000000600cf
:107194000000fa008084200081282100110098005a
:1071a4008084200081282100010878008084200048
:1071b400a00090000110a00021009800808420000d
:1071c400a00090000100a10021009800808420000c
:1071d4008040eb006140980020012000c02488001a
:1071e40000002800d02488009e24ef009c24ef0097
:1071f4008a20a9009a20a8000080fa000000060056
:107204000200fa0080842000e0409000014f7800e2
:107214001e4078000080fa00000006000000fa001a
:10722400a042800066004000a042880052c8bf000f
:107234000040e90052e8b70052c8bf000004e00073
:1072440003003a004000200080428800020037001a
:1072540010002000804288000080fa000000060030
:107264000200fa00000f78009a44a800b04280009f
:10727400200090000000e00003003200b0428000d3
:10728400200090001e0878005028ef000080fa00cb
:10729400000006000800fa00000f7800214798005b
:1072a4002207980033079800808420002000900073
:1072b400610060000000e0000a003a00ae019000a6
:1072c4002e4190009e00780040292100780007009c
:1072d4003e0190004129210010c0b3001f000700a7
:1072e400030037003e0090008000eb0001087800a6
:1072f4000080fa00000006000800fa00000f780081
:1073040021479800220798003307980080842000c2
:1073140020009000610060000000e0000a003a00d4
:10732400ae0190002e4190009e007800e0282100dc
:10733400470007003e019000e128210010c0b3007f
:1073440006000700030037003e0090008000eb00b9
:10735400010878000080fa00000006000600fa0028
:10736400004f7800110798002207980080842000bd
:1073740020009000610060000000e0002f003a004f
:107384002e00900011002000010878008084200065
:10739400100078009e009000110098008084200066
:1073a400100078001e4878008084200010007800c7
:1073b400ae00900021009800808420001000780026
:1073c400e6004000808420000108780080842000ca
:1073d4001000780080007800e0282100808f5000a1
:1073e40003003a00808420008128210001087800ed
:1073f40080842000a00090000110a10021009800ca
:107404008084200090009000808420001000780088
:10741400808f500004003a0080842000a000900077
:107424000100a00021009800804280000000e000dc
:1074340005003a008a20a800030037002e009000bf
:107444008000eb00010878000080fa0000000600cc
:107454000800fa00000f78001107980042479800ce
:10746400330798003e009000000040008000780040
:107474001e007800010878001e00780010007800d3
:10748400800078000100a0001e0078000108780048
:107494001e007800ce409000214098001e00780025
:1074a4009e009000210098000080fa000000060071
:1074b4000800fa00000f780011079800424798006e
:1074c400330798003e0090000000400080007800e0
:1074d4001e007800010878001e007800ce4090005d
:1074e400214098001e0078009e0090002100980022
:1074f4000080fa00000006000000fa0080842000ea
:10750400200090006200600000f0a7000000ea0084
:107514000000ea004f00de00004078000080fa001e
:10752400000006000000fa00808420002000900083
:107534006100600000f0a7000000ea000000ea001b
:107544004f00de00004078000080fa0000000600d2
:107554000200fa00000f7800050037000000000068
:107564000000000000000000000000000000000017
:107574001e0fe9001e0078000000e000f7ff3a004b
:107584000080fa00000006000600fa002047980078
:1075940021079800ae409000014f7800ae009000a3
:1075a40000102000008060000000e00001003200b4
:1075b4001e04a0001e4078000080fa0000000600af
:1075c4000600fa00404798000040eb00004f7800a6
:1075d40010002000100798004e4090000080fb002f
:1075e4008001780012c0b3008e00780020222100b0
:1075f400afff07000e80e80000017800212221007f
:1076040010c0b30055ff0700000000001e009000ea
:10761400e10f5000fdff32001e0090000010a20098
:1076240000f0a7000000ea000000e9004f00de00bf
:10763400004078000080fa00000006000a00fa000a
:107644004047980031079800420798003e00900098
:1076540000407800104798001000200010079800a0
:10766400be0090004e409000c7ff0700004f780016
:107674009e80fb000e00e8008101780012c0b30078
:10768400800078006021210089ff07001e80fb0034
:107694008001780012c0b300ce009000c021210008
:1076a4006bff07000e80e8000001780061212100d3
:1076b40020c0b30029ff0700000000001e00900056
:1076c400e10f5000fdff3200c0122000a0ff0700b0
:1076d4001e0090000010a20000f0a7000000ea00c5
:1076e4000000e9004f00de00004078000080fa004e
:1076f400000006000c00fa0060479800410798005b
:10770400224f9800ce0090006e4090009eff07002c
:10771400004f780010002000200798004e009000d1
:107724000040780010479800ae4890002147980028
:107734009e80fb000e00e8008101780022c0b300a7
:1077440080007800a020210059ff07006400470052
:1077540000017800a120210010c0b300fffe070043
:10776400000000002e009000e10f5000fdff3200e9
:1077740080bb200076ff07002e0090000010a200be
:1077840000f0a7000000ea000000e9004f00de005e
:10779400004078000080fa00000006000200fa00b1
:1077a400004f78001e4178008188200082487800cc
:1077b4000080fa00000006000000fa0088c8bf003c
:1077c4000080fa0000000600d001fa0060cf9b00a0
:1077d40088c8bf000004e0007a00320088c8bf00f7
:1077e400eec8930080cf500078003e00640047004c
:1077f400820c20008000eb0065aa07006800570097
:1078040060a79900eea09100640047000101780090
:10781400ceb8970012ab07006ec893000080fb003f
:10782400e50f500027003200e50f500007003c0030
:10783400e30f500011003200e30f500018003c0029
:10784400e10f50000800320042003700e70f5000fb
:107854002e003200e70f500023003500e80f5000df
:10786400330032003b003700e4004700c00c200026
:107874000e004000bfaa070036003700c00c2000ed
:107884000e004000e4004700811f7800416b2d008a
:10789400811f7800cca90700e48757002d0037002a
:1078a400c00c20000e004000e4004700811f780057
:1078b400016c2d00811f7800c3a90700e4875700dd
:1078c40024003700c00c20000e004000e4004700f4
:1078d400811f7800c16c2d00811f7800baa90700b0
:1078e400e48757001b003700c00c20000e00400046
:1078f400e4004700811f7800816d2d00811f78000e
:10790400b1a90700e487570012003700c00c20001b
:107914000e004000e4004700811f7800416e2d00f6
:10792400811f7800a8a90700e487570009003700e1
:10793400c00c20000e004000e4004700811f7800c6
:10794400016f2d00811f78009fa90700e48757006d
:10795400000000000000eb00000f7800c00c2000c5
:107964000e0040008aaa0700100798000b00370099
:10797400000000003e0107000004a2000004e00033
:10798400fcff3a00c00c20000e0040001e00400026
:10799400104078001e0107001e0fe8001e00900032
:1079a4009e007800808f5000f1ff35000000000039
:1079b400400107000004a2000004e000fcff3a00bc
:1079c4000300370000000000010037000000000041
:0879d4000080fa00000006002b
:020000040000fa
:020000040001f9
:1079dc000a12000024000000800000006c1200005d
:1079ec001c0000008200000001000000000a0000e2
:1079fc000000640000000000e803000000102700f5
:107a0c000000a0008601000040420f0000000000b2
:107a1c00bc0e00005e010000800000006e0800003b
:107a2c000a0000008000000088080000020000002e
:107a3c00800000001a1000000a0100008000000005
:107a4c00780800000800000080000000c00c000056
:107a5c00fc01000080000000600800000e00000027
:107a6c00800000002e1200002000000080000000aa
:107a7c008a0800000200000082000000ffff0000e6
:107a8c008008000004000000800000008c0800004a
:107a9c0002000000800000008e08000002000000c0
:107aac0080000000ba1200000200000080000000fc
:107abc00900800000200000080000000bc120000d2
:107acc00020000008000000092080000020000008c
:107adc0080000000881200001200000080000000ee
:107aec004808000018000000800000009808000002
:107afc002804000080000000940800000200000030
:107b0c008000000024110000e6000000800000004e
:107b1c0000080000480000008000000084080000fd
:107b2c0004000000820000000100100000000000b2
:107b3c009608000002000000800000004e120000b9
:107b4c001e00000082000000286e69006c290000f5
:107b5c0025006800076c09004c836a009074a00033
:107b6c007ac000008068880000846c00820081006c
:107b7c00be12000002000000800000009a120000fb
:107b8c001000000082000000494e460000696e00a3
:107b9c0066004e00414e00006e616e000000000059
:107bac00aa1200001000000082000000494e46009e
:107bbc0000696e0066004e00414e00006e616e0062
:087bcc000000000000000000b1
:020000040000fa
:020000040001f9
:107bd4000000fa0000042000c03388008c26ef0067
:107be400b426ef00c826ef0000082000e036880025
:107bf400104b2c00a0338800000022004034880081
:107c04004000200080358800c426ef00801020004a
:107c1400c03688008626ef009a26ef00c226ef00c1
:107c2400d626ef00ea26ef008426ef009826ef0020
:107c3400c026ef00d426ef00e826ef008626ef00ea
:107c44009a26ef00c226ef00d626ef00ea26ef00c0
:107c540010002000203488009826ef00c026ef0092
:107c6400d426ef00e826ef007a26ef008e26ef00f8
:107c7400b626ef00ca26ef00de26ef000040200003
:107c8400e03388009026ef00b826ef00e026ef00ee
:107c940001088000f00b20000081600060042000d7
:107ca4007105200003102000804978008149780084
:107cb40082497800713f800000f82f000080600046
:107cc4005000b300703f8800813c8000f00f2c000e
:107cd4008080600000d0210001007000803c88009a
:107ce400a13d800000fc2f00008060007000b30004
:107cf400a03d8800d13e800000f82f000080600085
:107d04003000b300d03e8800b13d800000fc2f005d
:107d1400008060003001b300b03d8800000880009e
:107d2400000178000260a0006004200071052000ba
:107d34000310200080497800814978008249780046
:107d4400bc46a800ba46a800be46a9005de6a80045
:107d5400807b2500070007008a60a9009a60a800bc
:107d64000080fa00000006000000fa000080fa001b
:107d7400000006000200fa00000f78009a60a900d3
:107d84009e007800614488009a60a8000080fa0090
:107d9400000006000200fa00000f78001e007800c0
:107da400f4ff07000080fa00000006000000fa005b
:107db40080002000701d8800b023ef0080002000a8
:107dc400b01d8800afe3a800b143a8000080fa000a
:107dd400000006000000fa0000000000801d800082
:107de400610060000000e000fcff3200801d8000a4
:107df400620060000000e00001003200b023a9002e
:107e0400a01d8000004078000080fa0000000600f9
:107e14000200fa00004f780000000000811d80007d
:107e240000202000008060000000e000fbff3a001a
:107e34001e80fb00901d88000080fa0000000600f0
:107e44000000fa00801d800000407800614060005e
:107e54000080fb0000f0a7000000ea000000ea0038
:107e64004f00de00004078000080fa0000000600a9
:107e74000000fa00811d80000020200000806000c6
:107e84000000e00007003a00811d8000004020004f
:107e9400008060000000e0000200320010002000ba
:107ea400010037000000eb00004078000080fa0079
:107eb400000006000000fa00801d80004800de007b
:107ec400614060000080fb0000f0a7000000ea00b1
:107ed4000000ea004f00de00004078000080fa0055
:107ee400000006000000fa00801d80000080fa00f7
:107ef400000006000000fa00afe3a800b143a800a8
:107f04000080fa00000006000000fa00afe3a900b8
:107f1400b143a9000080fa00000006000000fa0046
:107f24009021ef00f01f2000900c8800200328000f
:107f3400a00c8800804480000000e00002003a00a9
:107f440080fe2b00240007008860a9009860a80028
:107f5400a02b21008040eb00014878000080fa004b
:107f6400000006000200fa00000f78009e0078006e
:107f7400910c8800a02b21008040eb000148780080
:107f84000080fa00000006000000fa00900c800057
:107f94000080fa00000006000200fa00000f7800da
:107fa4009e007800810c8800a02b21008040eb000b
:107fb400014878000080fa00000006000000fa0082
:107fc400800c80000080fa00000006000000fa0027
:107fd4000080fa00000006000200fa00000f78009a
:107fe4009860a9009e007800814488009860a800e9
:107ff4000080fa00000006000000fa00a02b210017
:108004008040eb00014878009860a80095e1a80042
:108014000080fa00000006000000fa0095e1a900c3
:108024009860a9000080fa00000006000200fa002f
:10803400a02b2100104f78001e4078000004e000bf
:1080440003003200a02b21008040eb00014878009f
:108054001e4078000080fa00000006000000fa00cc
:10806400b02b2100104078000080fb000080fa0053
:10807400000006000000fa00b02b21008040eb0055
:10808400014878000080fa00000006000000fa00b1
:108094009621ef0040e82100e00c8800000328004e
:1080a400000d8800904480000000e00002003a00c7
:1080b400000a2c002400070088e0a90098e0a8002a
:1080c400c02b21008040eb00014878000080fa00ba
:1080d400000006000200fa00000f78009e007800fd
:1080e400e10c8800c02b21008040eb00014878009f
:1080f4000080fa00000006000000fa00e00c800096
:108104000080fa00000006000200fa00000f780068
:108114009e007800b10c8800c02b21008040eb0049
:10812400014878000080fa00000006000000fa0010
:10813400b00c80000080fa00000006000000fa0085
:108144000080fa00000006000200fa00000f780028
:1081540098e0a9009e0078009144880098e0a80067
:108164000080fa00000006000000fa00c02b210085
:108174008040eb000148780098e0a800a1e1a80045
:108184000080fa00000006000000fa00a1e1a90046
:1081940098e0a9000080fa00000006000200fa003e
:1081a400c02b2100104f78001e4078000004e0002e
:1081b40003003200c02b21008040eb00014878000e
:1081c4001e4078000080fa00000006000000fa005b
:1081d400d02b2100104078000080fb000080fa00c2
:1081e400000006000000fa00d02b21008040eb00c4
:1081f400014878000080fa00000006000000fa0040
:1082040000002800a03988003627ef0090002000e5
:10821400c03988003a27ef003c27ef003e27ef00e3
:108224004027ef004227ef004627ef004c27ef00de
:10823400f422ef0040122c00050007000080fa0031
:10824400000006000000fa000080fa0000000600aa
:108254000200fa00000f78001e00780070448800c5
:108264000080fa00000006000000fa0041048000cb
:1082740000002200008060000000e00006003200e0
:10828400704480000000e00002003200704480006e
:108294000000010089a0a9000080fa000000060087
:1082a4000000fa003427a8000080fa00000006004d
:1082b4000000fa003427a9000080fa00000006003c
:1082c4000800fa0030079800b03980004200de0050
:1082d4007f4060000080fb002007980000702000b1
:1082e400100798000000eb00000f78000b00370027
:1082f4001e00780000004000be0090000080400096
:108304009e00900091007800010878001e00900003
:108314000080e800100798001e0fe8009e00780017
:108324002e009000808f5000f1ff36001e00780070
:108334000080fa00000006000000fa0081058000b9
:10834400f0ff28000080600000c0a00080058800c5
:1083540041068000f0f82f00008060000040a0007b
:10836400400688007105800080ff2f0000806000b7
:108374000000a0007005880061058000f0ff28005f
:108384000080600000c0a0006005880041058000f6
:1083940080ff2f00008060000000a00040058800de
:1083a40081058000f0f82f00008060000040a000ec
:1083b4008005880051058000f0ff280000806000df
:1083c40000c0a0005005880041058000f0ff28008f
:1083d4000080600000c0a000400588000080fa0012
:1083e400000006000000fa000000230010088800c6
:1083f4000621ef006821ef006a21ef000c21ef0055
:108404000e21ef0080012e00c00b8800a068200020
:10841400e00b8800a0022000f00b8800f00120008f
:10842400000c880000042000100c880000032000c9
:10843400200c8800c0132000300c88000001eb00e1
:1084440080072000a1092000131020008049780033
:1084540081497800824978002200200060042000cd
:1084640071052000031020008049780081497800bc
:10847400824978001101a9001181a8000080fa0046
:10848400000006000200fa00000f78009e00780049
:10849400514488000000fe000080fa00000006003d
:1084a4000000fa00e0222100800778006024210007
:1084b400000188000080fa00000006000000fa00b5
:1084c4000080fa00000006000000fa000080fa00b4
:1084d400000006000000fa008800a9008200a9003c
:1084e4009800a8008a80a9008220a9000080fa00d0
:0484f400000006007e
:020000040000fa
:020000040001f9
:1084f800f03fb1000180b10006003500ee0309002d
:1085080000000000403fb1000180b100fbff3d00ca
:108518001000b000203fb0000200350000800900c4
:08852800000000000000060045
:020000040000fa
:020000040001f9
:108530000000fa00a7fd0700abff07007fff070060
:108540001bfe070013fb070089f907002cff07003b
:10855000cffe070072fe0700dfff07000080fa0071
:1085600000000600809fbe00ec80570031007800bc
:10857000004488001100780082e8b7004f00be0078
:0485800000000600f1
:020000040000fa
:020000040002f8
:04be0000ff7fff00c1
:020000040000fa
:020000040002f8
:04be2000ffffff0021
:020000040000fa
:020000040002f8
:04be3000f8ffff0018
:020000040000fa
:020000040002f8
:04be38004bffff00bd
:020000040000fa
:020000040002f8
:04be4000b9ffff0047
:020000040000fa
:020000040002f8
:04be4800faffff00fe
:020000040000fa
:020000040002f8
:04be5000dfffff0011
:020000040000fa
:020000040002f8
:04be58000000ff00e7
:020000040000fa
:020000040002f8
:04be60000000ff00df
:020000040000fa
:020000040002f8
:04be68000000ff00d7
:020000040000fa
:020000040002f8
:04be70000000ff00cf
:020000040000fa
:020000040002f8
:04be7800ffffff00c9
:020000040000fa
:020000040002f8
:04be8000effbff00d5
:00000001FF
